Thumb,Index,Middle,Ring,Pinky,AccelX,AccelY,AccelZ,GyroX,GyroY,GyroZ,Letter
0,1994,1904,1053,1890,9.45,-2.33,-3.98,0.10,-0.05,0.16,-31
0,1851,1712,1023,1647,9.73,-2.66,-0.63,-0.22,0.07,0.08,-31
0,1824,1717,848,1362,9.68,-2.76,-0.75,0.08,-0.18,-0.08,-31
0,1887,1679,1004,1619,9.42,-2.27,-1.94,-0.03,-0.14,-0.09,-31
0,1893,1661,1022,1641,9.61,-2.42,-1.31,-0.19,0.07,0.03,-31
0,1840,1680,1035,1600,9.52,-2.40,-1.60,-0.04,-0.02,-0.01,-31
0,1872,1680,993,1510,9.50,-2.64,-1.56,-0.10,0.00,0.01,-31
0,1890,1666,982,1508,9.53,-2.49,-1.66,-0.08,0.01,-0.02,-31
0,1869,1651,1005,1552,9.66,-2.49,-1.61,-0.11,0.03,-0.01,-31
0,1850,1657,994,1552,9.62,-2.42,-1.57,-0.10,0.02,-0.00,-31
0,1855,1643,991,1505,9.48,-2.38,-1.53,-0.11,0.04,0.01,-31
0,1845,1673,996,1488,9.56,-2.52,-1.55,-0.11,0.04,-0.02,-31
0,1822,1651,976,1487,9.57,-2.42,-1.43,-0.10,0.05,-0.01,-31
0,1798,1634,1001,1552,9.61,-2.58,-1.49,-0.07,0.05,0.00,-31
0,1831,1626,960,1510,9.51,-2.47,-1.37,-0.06,0.05,-0.03,-31
0,1801,1662,972,1559,9.55,-2.52,-1.27,-0.03,0.01,-0.02,-31
0,1812,1631,962,1529,9.67,-2.44,-1.38,-0.01,-0.03,-0.03,-31
0,1846,1611,935,1552,9.64,-2.46,-1.28,-0.00,0.01,-0.03,-31
0,1827,1600,950,1502,9.62,-2.53,-1.42,-0.01,-0.00,-0.06,-31
0,1825,1598,981,1545,9.65,-2.49,-1.44,0.06,-0.04,-0.06,-31
0,1781,1520,945,1470,9.63,-2.59,-1.58,0.11,-0.07,-0.05,-31
0,1783,1600,977,1479,9.57,-2.48,-1.63,-0.05,-0.05,-0.05,-31
0,1831,1600,976,1479,9.60,-2.31,-1.58,0.02,-0.05,-0.02,-31
0,1816,1555,992,1534,9.44,-2.52,-1.78,-0.04,-0.02,-0.01,-31
0,1799,1552,977,1480,9.50,-2.54,-1.54,-0.12,0.01,-0.01,-31
0,1786,1587,1008,1456,9.61,-2.44,-1.62,-0.10,0.00,-0.00,-31
0,1776,1557,977,1455,9.52,-2.58,-1.60,-0.11,0.01,0.02,-31
0,1772,1547,985,1467,9.56,-2.62,-1.61,-0.08,-0.01,0.01,-31
0,1771,1595,961,1433,9.61,-2.54,-1.66,-0.11,0.02,-0.01,-31
0,1758,1570,945,1427,9.55,-2.51,-1.47,-0.10,0.02,0.00,-31
0,1789,1615,916,1424,9.46,-2.55,-1.45,-0.09,0.03,-0.01,-31
0,1753,1565,923,1409,9.46,-2.39,-1.49,-0.08,-0.01,-0.01,-31
0,1810,1597,930,1419,9.57,-2.54,-1.71,-0.09,0.01,0.00,-31
0,1779,1530,928,1403,9.59,-2.52,-1.62,-0.12,0.02,-0.00,-31
0,1808,1585,925,1376,9.59,-2.49,-1.58,-0.11,0.01,-0.00,-31
0,1795,1569,944,1407,9.55,-2.50,-1.61,-0.12,0.02,-0.02,-31
0,1793,1552,922,1377,9.55,-2.52,-1.61,-0.11,0.00,0.00,-31
0,1807,1564,870,1354,9.51,-2.50,-1.65,-0.08,0.00,-0.01,-31
0,1780,1549,869,1351,9.60,-2.49,-1.61,-0.08,0.02,-0.01,-31
0,1782,1530,924,1349,9.58,-2.63,-1.65,-0.11,-0.00,-0.01,-31
0,1766,1521,903,1368,9.53,-2.55,-1.67,-0.11,0.03,0.00,-31
0,1783,1502,894,1359,9.56,-2.48,-1.57,-0.12,0.03,-0.01,-31
0,1792,1526,895,1389,9.56,-2.59,-1.64,-0.11,-0.00,0.00,-31
0,1808,1501,897,1313,9.51,-2.50,-1.64,-0.10,0.02,-0.00,-31
0,1779,1473,912,1326,9.54,-2.41,-1.70,-0.10,0.01,-0.01,-31
0,1808,1486,889,1280,9.56,-2.53,-1.63,-0.09,-0.00,0.01,-31
0,1766,1557,885,1293,9.52,-2.46,-1.66,-0.09,-0.01,-0.01,-31
0,1737,1510,902,1274,9.47,-2.55,-1.80,-0.11,-0.01,0.01,-31
0,1719,1483,917,1307,9.51,-2.47,-1.64,-0.10,0.01,-0.00,-31
0,1754,1488,902,1267,9.50,-2.51,-1.67,-0.12,0.03,-0.01,-31
0,1755,1466,912,1246,9.50,-2.52,-1.61,-0.10,0.02,-0.01,-31
0,1741,1435,934,1295,9.55,-2.45,-1.60,-0.10,0.03,0.00,-31
0,1728,1459,931,1315,9.56,-2.60,-1.65,-0.10,0.01,-0.01,-31
0,1744,1411,911,1271,9.51,-2.47,-1.56,-0.10,0.01,-0.00,-31
0,1744,1408,919,1232,9.50,-2.47,-1.53,-0.10,0.02,-0.01,-31
0,1774,1424,907,1232,9.50,-2.60,-1.54,-0.10,0.02,-0.02,-31
0,1762,1380,928,1239,9.55,-2.40,-1.58,-0.10,0.01,-0.01,-31
0,1725,1369,899,1254,9.63,-2.54,-1.71,-0.09,0.02,-0.02,-31
0,1733,1390,946,1259,9.57,-2.42,-1.72,-0.10,0.04,-0.01,-31
0,1742,1360,914,1215,9.61,-2.52,-1.64,-0.07,0.00,-0.01,-31
0,1744,1403,883,1207,9.56,-2.43,-1.52,-0.14,0.00,0.05,-31
0,1719,1385,883,1250,9.48,-2.43,-2.04,-0.11,-0.02,-0.02,-31
0,1673,1343,918,1248,9.56,-2.49,-1.96,-0.10,0.04,-0.03,-31
0,1714,1387,912,1253,9.61,-2.46,-1.59,-0.08,0.08,-0.01,-31
0,1708,1392,889,1245,9.53,-2.61,-1.76,-0.06,-0.01,-0.00,-31
0,1703,1377,904,1259,9.59,-2.60,-1.82,-0.09,0.02,-0.00,-31
0,1699,1361,862,1253,9.61,-2.46,-1.64,-0.06,0.02,-0.00,-31
0,1711,1392,870,1212,9.56,-2.62,-1.63,-0.10,-0.01,0.02,-31
0,1738,1351,862,1208,9.56,-2.73,-1.70,-0.09,0.01,0.01,-31
0,1694,1366,881,1227,9.49,-2.65,-1.80,-0.07,-0.01,-0.01,-31
0,1691,1337,880,1215,9.52,-2.68,-1.65,-0.09,0.02,-0.00,-31
0,1683,1389,885,1183,9.53,-2.57,-1.82,-0.08,0.03,0.00,-31
0,1681,1377,895,1168,9.48,-2.47,-1.43,-0.10,0.05,0.00,-31
0,1694,1379,871,1168,9.48,-2.79,-1.65,-0.09,-0.01,-0.00,-31
0,1725,1367,848,1187,9.37,-2.49,-1.78,-0.11,-0.00,-0.01,-31
0,1741,1393,883,1179,9.66,-2.55,-1.75,-0.08,-0.01,-0.02,-31
0,1700,1371,919,1279,9.49,-2.70,-1.66,-0.12,-0.00,-0.00,-31
0,1728,1350,906,1279,9.54,-2.66,-1.81,-0.13,0.00,-0.01,-31
0,1725,1322,921,1258,9.48,-2.61,-1.76,-0.10,0.00,-0.01,-31
0,1731,1390,912,1226,9.40,-2.65,-1.83,-0.11,0.04,-0.01,-31
0,1718,1356,931,1242,9.56,-2.60,-1.83,-0.14,0.03,0.00,-31
0,1760,1388,940,1209,9.56,-2.46,-1.62,-0.10,0.04,-0.01,-31
0,1734,1365,954,1203,9.49,-2.53,-1.71,-0.09,0.01,-0.01,-31
0,1723,1354,960,1233,9.55,-2.56,-1.60,-0.09,0.00,0.00,-31
0,1697,1359,960,1238,9.50,-2.53,-1.66,-0.10,0.01,-0.02,-31
0,1686,1318,947,1200,9.48,-2.59,-1.65,-0.08,0.01,-0.01,-31
0,1686,1346,923,1185,9.51,-2.51,-1.78,-0.09,0.01,-0.01,-31
0,1721,1361,885,1222,9.36,-2.63,-1.72,-0.11,0.04,-0.02,-31
0,1744,1307,866,1094,9.78,-2.87,-1.62,-0.01,0.09,0.04,-31
0,1721,1321,847,1151,9.28,-1.53,-0.88,0.17,0.14,-0.29,-31
0,1677,1308,816,1170,7.98,-1.36,-0.22,0.15,-0.17,0.35,-31
0,1695,1328,834,1165,10.12,-3.60,-1.90,-0.18,-0.80,-0.07,-31
0,1676,1313,821,1134,9.67,-2.63,-1.78,-0.13,-0.12,0.07,-31
0,1683,1331,811,1109,9.28,-2.56,-1.63,-0.17,-0.08,0.09,-31
0,1679,1296,817,1129,8.92,-2.94,-2.47,-0.25,-0.30,0.28,-31
0,1726,1297,800,1101,8.67,-3.25,-3.52,-0.44,-0.07,0.35,-31
0,1719,1289,783,1062,8.97,-4.12,-1.70,-0.23,0.05,0.18,-31
0,1696,1271,816,1071,8.60,-3.85,-3.33,-0.42,-0.13,0.13,-31
0,1677,1270,753,1043,7.93,-3.03,-3.23,-0.15,0.16,-0.09,-31
0,1648,1231,800,979,9.72,-4.16,-4.78,-0.33,-0.58,0.31,-31
0,1698,1238,773,958,8.23,-3.68,-3.68,-0.15,-0.14,-0.04,-31
0,1669,1243,784,967,8.05,-3.71,-3.81,-0.07,0.03,0.02,-31
0,1680,1245,767,920,8.26,-3.95,-3.45,-0.15,-0.01,0.03,-31
0,1655,1250,782,928,8.20,-3.92,-3.55,-0.09,-0.08,-0.02,-31
0,1709,1201,752,899,7.98,-3.90,-4.19,-0.10,-0.04,0.00,-31
0,1685,1223,764,928,7.93,-3.85,-4.03,-0.08,-0.03,-0.02,-31
0,1675,1229,743,924,7.92,-3.88,-4.00,-0.09,-0.04,-0.02,-31
0,1682,1189,742,903,7.90,-3.91,-4.12,-0.06,-0.04,0.00,-31
0,1654,1155,743,875,7.90,-4.00,-4.29,-0.13,0.02,0.01,-31
0,1662,1207,733,859,7.82,-3.49,-4.13,-0.26,0.44,0.10,-31
0,1658,1206,723,863,8.44,-4.29,-2.71,-0.15,0.36,0.11,-31
0,1635,1214,740,886,8.50,-4.89,-2.92,0.02,0.17,-0.36,-31
0,1621,1229,737,909,8.68,-3.68,-3.17,0.09,0.15,-0.53,-31
0,1643,1214,738,879,8.52,-3.93,-3.28,0.20,0.16,-0.27,-31
0,1614,1213,773,928,7.85,-3.14,-3.47,0.06,0.01,-0.13,-31
0,1626,1243,755,922,8.55,-2.43,-3.44,-0.18,-0.00,0.13,-31
0,1602,1169,714,912,9.20,-2.55,-1.41,0.01,-0.18,0.34,-31
0,1614,1233,738,933,9.83,-3.70,-2.58,-0.05,-0.06,0.25,-31
0,1621,1216,701,913,8.91,-5.10,-2.22,0.40,-0.07,-0.62,-31
0,1531,1202,646,871,7.89,-2.30,-4.36,-0.48,-0.53,-0.37,-31
0,1571,1247,654,885,8.41,-3.88,-2.69,0.02,-0.05,-0.20,-31
0,1600,1220,686,878,9.64,-2.14,-2.98,0.16,0.50,-0.02,-31
0,1602,1232,667,886,8.95,-1.74,-2.26,-0.25,0.22,0.01,-31
0,1591,1133,693,853,9.46,-1.95,-2.35,-0.16,-0.03,0.28,-31
0,1594,1178,700,877,8.84,-3.46,-2.83,-0.14,-0.21,0.39,-31
0,1648,1189,638,807,8.29,-3.72,-3.87,-0.15,-0.14,0.08,-31
0,1626,1229,642,784,8.18,-3.70,-4.21,-0.08,-0.08,-0.00,-31
0,1610,1187,662,771,8.25,-3.51,-4.00,-0.01,0.07,-0.05,-31
0,1622,1171,657,754,8.22,-3.62,-3.90,-0.11,0.12,-0.03,-31
0,1618,1151,640,769,8.33,-3.51,-3.55,-0.13,0.12,0.01,-31
0,1586,1142,645,791,8.31,-3.57,-3.58,-0.11,-0.08,0.01,-31
0,1607,1168,640,735,8.20,-3.70,-3.96,-0.10,-0.09,0.02,-31
0,1597,1158,615,749,8.03,-3.74,-3.97,-0.11,-0.07,0.00,-31
0,1610,1155,633,738,8.06,-3.63,-4.00,-0.10,0.03,-0.02,-31
0,1579,1169,636,750,8.11,-3.64,-3.93,-0.09,0.01,0.00,-31
0,1578,1186,637,752,8.17,-3.65,-3.85,-0.11,0.00,0.01,-31
0,1593,1155,642,773,8.12,-3.70,-3.83,-0.11,-0.03,0.02,-31
0,1613,1187,633,741,8.03,-3.78,-4.03,-0.09,-0.04,0.02,-31
0,1580,1168,647,770,8.01,-3.86,-4.07,-0.10,-0.04,-0.02,-31
0,1610,1187,593,737,7.95,-3.68,-4.21,-0.09,-0.03,-0.02,-31
0,1575,1152,592,733,7.94,-3.56,-4.18,-0.10,0.02,-0.01,-31
0,1595,1145,592,737,8.00,-3.48,-4.32,-0.10,0.01,-0.02,-31
0,1589,1151,613,750,8.03,-3.61,-3.96,-0.11,0.03,0.01,-31
0,1584,1135,636,723,7.98,-3.48,-4.11,-0.11,0.01,-0.00,-31
0,1552,1098,657,750,8.01,-3.75,-4.13,-0.08,0.01,-0.01,-31
0,1559,1102,656,734,7.86,-3.74,-4.30,-0.09,0.00,-0.02,-31
0,1584,1110,669,727,8.02,-3.61,-4.08,-0.10,0.00,0.03,-31
0,1613,1114,654,686,7.97,-3.71,-4.20,-0.10,-0.02,0.06,-31
0,1603,1130,678,693,7.83,-4.06,-4.34,-0.12,0.00,0.02,-31
0,1611,1095,656,674,7.97,-3.82,-4.24,-0.09,0.01,0.02,-31
0,1610,1115,659,678,7.86,-3.89,-4.29,-0.13,-0.08,0.04,-31
0,1627,1094,629,661,7.76,-4.00,-4.32,-0.09,-0.03,-0.01,-31
0,1642,1074,627,633,7.78,-3.82,-4.28,-0.10,-0.02,-0.01,-31
0,1614,1078,611,647,7.71,-3.73,-4.46,-0.13,-0.02,-0.01,-31
0,1597,1069,603,610,7.79,-3.80,-4.41,-0.09,0.03,-0.00,-31
0,1589,1038,587,645,7.70,-4.10,-4.51,-0.10,0.03,0.03,-31
0,1571,1045,618,637,7.76,-3.88,-4.39,-0.09,0.03,-0.02,-31
0,1593,1046,574,623,7.75,-3.97,-4.36,-0.10,0.01,0.00,-31
0,1581,1051,619,651,7.72,-3.77,-4.34,-0.11,-0.00,0.00,-31
0,1590,1064,621,650,7.73,-3.90,-4.46,-0.09,-0.01,-0.01,-31
0,1577,1086,633,645,7.69,-4.00,-4.39,-0.10,0.04,-0.01,-31
0,1606,1058,601,651,7.69,-3.92,-4.32,-0.10,-0.01,-0.01,-31
0,1569,1087,605,628,7.71,-3.91,-4.40,-0.10,0.01,-0.01,-31
0,1557,1072,589,661,7.67,-4.00,-4.41,-0.11,-0.01,-0.01,-31
0,1562,1040,598,686,7.74,-3.94,-4.41,-0.09,0.01,0.01,-31
0,1536,979,528,710,7.59,-4.05,-4.42,-0.10,0.01,-0.00,-31
0,1546,986,594,644,7.78,-3.89,-4.50,-0.10,0.02,0.00,-31
0,1566,1038,598,619,7.73,-3.86,-4.38,-0.07,-0.00,-0.01,-31
0,1569,1011,578,606,7.75,-4.00,-4.34,-0.10,0.03,-0.00,-31
0,1526,983,574,617,7.46,-4.05,-4.73,-0.09,-0.05,-0.02,-31
0,1557,983,555,605,7.73,-4.02,-4.26,-0.12,-0.05,0.02,-31
0,1535,962,579,587,7.63,-3.75,-4.42,-0.11,0.03,0.03,-31
0,1535,975,595,606,7.62,-3.97,-4.51,-0.11,0.06,0.01,-31
0,1519,976,601,595,7.75,-3.99,-4.32,-0.08,-0.00,0.00,-31
0,1520,978,570,614,7.61,-3.85,-4.47,-0.09,0.00,-0.01,-31
0,1555,983,565,577,7.65,-3.94,-4.40,-0.11,0.06,0.01,-31
0,1566,979,586,574,7.69,-3.87,-4.25,-0.09,0.02,-0.02,-31
0,1549,981,586,580,7.75,-3.82,-4.47,-0.11,0.01,-0.00,-31
0,1584,983,576,564,7.72,-3.97,-4.24,-0.09,-0.00,0.01,-31
0,1525,995,593,569,7.69,-3.82,-4.49,-0.10,-0.02,-0.01,-31
0,1581,975,577,559,7.73,-3.90,-4.55,-0.09,0.02,-0.01,-31
0,1517,980,595,571,7.66,-3.83,-4.26,-0.11,0.02,-0.00,-31
0,1557,939,573,588,7.69,-3.93,-4.38,-0.09,0.01,-0.02,-31
0,1573,972,587,607,7.74,-3.90,-4.41,-0.08,-0.02,-0.01,-31
0,1601,976,569,587,7.69,-4.03,-4.45,-0.07,0.04,-0.05,-31
0,1535,971,589,590,7.75,-3.74,-4.44,-0.08,0.01,-0.03,-31
0,1530,975,578,592,7.80,-3.98,-4.41,-0.06,0.01,-0.02,-31
0,1588,976,560,582,7.71,-3.82,-4.26,-0.05,0.02,-0.09,-31
0,1584,985,569,630,7.81,-3.77,-4.36,-0.01,-0.03,-0.10,-31
0,1600,1005,560,595,7.88,-3.73,-4.35,0.04,0.01,-0.11,-31
0,1561,977,575,593,7.85,-3.79,-4.21,0.07,-0.06,-0.14,-31
0,1559,976,568,635,7.90,-3.77,-4.11,0.10,-0.08,-0.17,-31
0,1569,993,583,649,7.92,-3.79,-4.15,0.11,-0.13,-0.19,-31
0,1562,994,583,641,7.93,-3.74,-4.33,0.18,-0.13,-0.21,-31
0,1552,976,585,629,7.98,-3.76,-4.09,0.23,-0.15,-0.25,-31
0,1520,970,593,632,7.78,-4.00,-4.11,0.28,-0.23,-0.29,-31
0,1555,1015,589,614,8.20,-3.73,-4.63,0.38,-0.28,-0.31,-31
0,1533,961,589,592,7.74,-3.95,-4.43,0.36,-0.25,-0.35,-31
0,1587,955,592,580,7.52,-3.88,-4.56,0.30,-0.21,-0.28,-31
0,1561,934,592,607,7.56,-3.96,-4.72,0.27,-0.15,-0.21,-31
0,1557,954,626,593,7.63,-4.14,-4.41,0.22,-0.10,-0.23,-31
0,1567,946,629,561,7.58,-3.98,-4.50,0.14,-0.09,-0.27,-31
0,1517,930,706,546,7.86,-3.65,-4.27,0.05,-0.06,-0.12,-31
0,1520,967,638,561,7.47,-4.20,-4.65,0.07,-0.07,-0.09,-31
0,1547,922,642,559,7.40,-4.06,-4.97,-0.01,0.03,-0.18,-31
0,1484,901,671,579,7.50,-3.73,-4.53,0.04,0.12,-0.05,-31
0,1523,952,649,547,7.74,-4.24,-4.08,-0.05,0.07,-0.05,-31
0,1497,941,671,589,7.85,-4.27,-4.32,-0.08,0.11,-0.13,-31
0,1487,977,670,579,8.11,-3.61,-4.30,-0.15,0.18,-0.10,-31
0,1501,965,677,548,8.28,-3.45,-3.81,-0.17,0.26,-0.03,-31
0,1488,927,661,555,8.38,-3.38,-3.29,-0.16,0.13,0.01,-31
0,1521,962,638,532,8.37,-3.45,-3.37,-0.12,0.06,0.04,-31
0,1494,959,624,554,8.14,-3.86,-3.82,-0.07,0.04,0.02,-31
0,1510,951,638,566,8.39,-3.63,-3.45,-0.11,0.08,0.09,-31
0,1509,960,658,558,8.18,-4.20,-3.33,-0.19,0.00,0.10,-31
0,1527,937,647,527,8.09,-4.04,-3.82,-0.24,0.01,0.05,-31
0,1499,951,673,540,8.03,-3.68,-4.09,-0.36,0.13,0.12,-31
0,1344,912,720,591,8.66,-3.93,-4.58,-0.39,0.55,-0.02,-31
0,1357,1089,837,593,8.53,-4.01,-3.40,-0.37,0.30,0.22,-31
0,1407,1102,865,605,8.48,-3.90,-3.31,-0.59,0.25,0.29,-31
0,1392,1103,881,774,8.31,-4.04,-3.25,-0.59,0.19,0.28,-31
0,1380,1153,931,1115,8.62,-4.04,-3.54,-0.69,0.21,0.34,-31
0,1509,1187,972,1045,8.57,-4.15,-3.56,-0.78,0.35,0.35,-31
0,1486,1168,1105,1197,8.71,-4.29,-3.15,-0.79,0.36,0.44,-31
0,1480,1104,1053,945,8.34,-4.16,-3.31,-0.89,0.44,0.30,-31
0,1483,1074,1069,966,8.81,-3.69,-2.53,-0.77,0.53,0.28,-31
0,1471,1095,1014,886,8.84,-3.56,-1.90,-0.77,0.38,0.28,-31
0,1465,1079,911,610,8.84,-3.84,-2.56,-0.74,0.24,0.23,-31
0,1407,1008,868,686,8.86,-3.57,-2.63,-0.62,0.21,0.26,-31
0,1405,1072,827,624,8.95,-3.78,-2.29,-0.43,0.12,0.21,-31
0,1434,1055,686,577,9.13,-3.79,-2.49,-0.26,0.08,0.09,-31
0,1407,1074,711,608,8.95,-3.55,-2.35,-0.09,0.04,-0.03,-31
0,1428,1090,738,618,8.85,-3.60,-2.53,-0.01,-0.09,-0.03,-31
0,1415,1075,747,621,8.76,-3.72,-2.59,0.07,-0.08,-0.07,-31
0,1488,1019,673,530,8.75,-3.81,-2.55,0.14,-0.18,-0.09,-31
0,1424,961,627,528,8.25,-3.97,-3.54,0.28,-0.25,-0.19,-31
0,1472,967,638,507,8.17,-4.00,-3.33,0.25,-0.22,-0.16,-31
0,1447,968,627,521,8.20,-4.23,-3.53,0.24,-0.24,-0.20,-31
0,1485,915,624,603,8.21,-3.86,-3.69,0.22,-0.19,-0.21,-31
0,1445,935,644,654,8.27,-4.05,-3.41,0.23,-0.16,-0.21,-31
0,1441,917,673,619,8.20,-3.90,-3.47,0.25,-0.19,-0.21,-31
0,1405,912,685,630,8.18,-3.99,-3.58,0.22,-0.21,-0.17,-31
0,1454,909,669,640,8.02,-4.13,-3.62,0.23,-0.20,-0.19,-31
0,1456,912,668,615,7.92,-3.95,-3.79,0.16,-0.22,-0.15,-31
0,1469,930,666,591,7.75,-4.17,-4.06,-0.01,-0.15,-0.07,-31
0,1443,916,705,595,7.69,-4.17,-4.34,-0.18,-0.02,0.03,-31
0,1453,914,688,609,7.73,-3.93,-4.46,-0.24,0.04,0.04,-31
0,1454,921,677,645,7.61,-4.01,-4.53,-0.32,0.14,0.13,-31
0,1456,923,666,645,7.64,-3.97,-4.37,-0.40,0.22,0.21,-31
0,1463,911,671,613,7.82,-4.00,-4.17,-0.53,0.29,0.27,-31
0,1471,930,675,614,7.89,-4.28,-3.88,-0.67,0.43,0.26,-31
0,1495,958,654,541,8.24,-3.92,-3.67,-0.53,0.34,0.19,-31
0,1459,942,677,545,8.77,-3.58,-2.65,-0.24,0.39,0.16,-31
0,1471,912,655,546,8.78,-3.86,-2.36,-0.34,0.22,0.13,-31
0,1489,947,647,541,8.67,-3.84,-2.79,-0.23,0.04,0.08,-31
0,1501,922,635,510,8.65,-4.21,-3.00,-0.10,-0.17,0.09,-31
0,1474,910,642,516,8.25,-3.76,-3.39,-0.10,-0.16,0.01,-31
0,1471,925,669,523,8.43,-3.32,-3.15,-0.19,-0.20,0.29,-31
0,1449,933,650,501,7.90,-4.10,-2.95,-0.31,-0.32,0.47,-31
0,1457,930,647,511,7.29,-4.42,-4.31,-0.37,-0.44,0.43,-31
0,1486,920,647,527,7.05,-5.59,-5.54,-0.66,-0.12,0.35,-31
0,1455,910,694,623,7.57,-4.25,-5.02,-0.62,0.36,-0.26,-31
0,1475,903,654,592,7.07,-3.70,-4.34,-0.39,0.39,-0.27,-31
0,1479,923,654,502,7.33,-2.97,-3.61,-0.19,0.09,-0.19,-31
0,1489,921,669,509,7.42,-4.08,-4.77,0.04,-0.34,-0.02,-31
0,1501,944,671,609,6.89,-3.14,-6.01,-0.06,-0.27,-0.21,-31
0,1487,902,662,569,6.48,-3.24,-6.03,0.05,-0.12,-0.06,-31
0,1457,912,677,564,7.00,-3.51,-5.57,-0.09,-0.18,0.09,-31
0,1458,921,665,581,7.24,-3.08,-5.88,-0.32,0.08,0.13,-31
0,1477,913,641,589,7.25,-3.97,-4.63,-0.18,-0.02,0.07,-31
0,1431,923,643,534,6.87,-4.03,-6.12,-0.01,-0.05,-0.33,-31
0,1435,903,679,576,6.83,-3.10,-5.05,0.04,0.05,0.00,-31
0,1447,907,671,545,7.38,-3.17,-5.26,-0.10,-0.05,0.09,-31
0,1453,917,654,551,7.60,-3.40,-5.51,-0.10,0.01,-0.02,-31
0,1430,912,681,562,7.26,-3.43,-4.96,0.00,0.08,-0.12,-31
0,1453,923,656,541,7.28,-3.16,-4.61,0.04,-0.16,-0.13,-31
0,1446,912,673,537,7.10,-3.52,-6.16,-0.08,-0.05,-0.20,-31
0,1445,902,674,544,7.31,-2.76,-5.83,-0.01,-0.04,-0.06,-31
0,1438,903,682,535,7.09,-3.35,-5.16,0.05,-0.10,-0.10,-31
0,1454,914,670,505,6.73,-3.70,-5.49,0.18,-0.05,-0.09,-31
0,1408,862,752,507,7.83,-3.43,-5.23,0.32,0.13,-0.09,-31
0,1360,950,982,801,8.16,-3.78,-4.73,0.04,0.32,-0.01,-31
0,1298,985,1003,1117,7.30,-3.78,-4.46,0.03,0.26,-0.11,-31
0,1279,943,1083,1233,7.99,-3.93,-4.49,0.12,0.26,-0.10,-31
0,1327,918,1072,1351,8.14,-3.95,-4.18,0.16,0.25,-0.16,-31
0,1317,925,1053,1397,7.99,-3.94,-3.73,0.11,0.26,-0.24,-31
0,1330,873,1050,1424,7.81,-3.81,-3.62,0.08,0.25,-0.22,-31
0,1351,899,1037,1357,8.69,-3.53,-3.38,-0.02,0.29,-0.22,-31
0,1378,882,1044,1255,8.63,-3.17,-2.96,-0.08,0.29,-0.14,-31
0,1366,894,1067,1215,9.04,-3.10,-2.54,-0.04,0.16,-0.05,-31
0,1401,933,1045,1195,9.03,-3.02,-2.46,-0.06,0.15,0.01,-31
0,1383,916,1046,1200,9.02,-3.44,-2.14,0.02,0.07,0.00,-31
0,1334,901,1019,1191,9.14,-3.49,-2.16,0.00,-0.02,-0.03,-31
0,1327,880,998,1125,9.06,-3.28,-2.25,0.08,-0.08,-0.08,-31
0,1328,894,1005,1085,8.97,-3.32,-2.13,0.14,-0.09,-0.11,-31
0,1331,883,1019,1074,8.94,-3.19,-2.67,0.11,-0.05,-0.11,-31
0,1360,912,1031,1101,8.96,-3.55,-2.28,0.20,-0.09,-0.17,-31
0,1353,918,1002,1072,8.99,-3.35,-2.33,0.24,-0.13,-0.19,-31
0,1326,897,1049,1082,9.00,-3.32,-2.55,0.26,-0.10,-0.17,-31
0,1356,895,1043,1066,9.19,-3.27,-2.52,0.27,-0.09,-0.16,-31
0,1338,866,1013,1081,9.04,-3.49,-2.27,0.28,-0.11,-0.20,-31
0,1331,862,1004,1040,9.05,-3.38,-2.40,0.27,-0.07,-0.31,-31
0,1271,845,994,1038,9.11,-2.96,-3.06,1.80,0.08,-0.62,-31
0,1264,823,1011,1040,8.99,-3.13,-1.94,3.74,0.30,-0.49,-31
0,1308,857,998,1005,9.47,-2.99,1.07,1.50,0.46,0.10,-31
0,1337,862,1023,1023,9.49,-3.68,1.05,0.63,-0.22,0.02,-31
0,1355,908,1035,1014,9.37,-4.13,2.04,1.73,-0.22,0.14,-31
0,1366,895,1015,997,9.59,-2.90,2.13,0.27,-0.16,0.08,-31
0,1348,890,996,989,9.72,-2.51,2.05,1.41,-0.27,0.30,-31
0,1379,873,1003,990,9.08,-4.74,2.92,0.70,-0.15,0.38,-31
0,1302,872,977,954,9.25,-4.30,2.95,-1.03,-0.11,0.21,-31
0,1248,831,906,918,9.05,-4.49,1.26,0.00,-0.05,0.07,-31
0,1274,823,834,939,8.93,-4.88,1.85,-0.44,0.17,0.12,-31
0,1250,819,810,913,8.86,-4.69,2.05,-0.31,0.17,0.16,-31
0,1285,794,731,896,8.64,-5.38,1.77,-0.52,0.22,0.06,-31
0,1265,799,710,848,8.74,-5.35,1.88,-0.56,0.33,-0.13,-31
0,1294,786,703,838,8.73,-5.15,1.98,-0.64,0.41,-0.15,-31
0,1273,773,703,834,9.01,-4.84,2.14,-0.75,0.33,-0.16,-31
0,1274,765,709,829,8.92,-4.81,1.64,-0.75,0.36,-0.15,-31
0,1266,784,685,834,9.01,-4.70,1.83,-0.81,0.36,-0.17,-31
0,1275,797,683,817,9.22,-4.30,1.88,-0.62,0.30,-0.13,-31
0,1279,793,700,836,9.29,-4.14,1.93,-0.56,0.21,-0.02,-31
0,1275,790,714,841,9.13,-4.26,1.96,-0.35,0.13,0.11,-31
0,1296,832,710,816,9.05,-4.96,1.56,-0.38,0.06,0.10,-31
0,1288,816,722,796,8.98,-4.94,1.37,-0.38,0.09,-0.07,-31
0,1242,809,727,848,9.03,-4.35,1.28,-0.12,-0.03,0.04,-31
0,1251,821,721,815,9.13,-4.68,1.49,-0.19,0.15,-0.18,-31
0,1274,753,684,768,8.85,-5.16,1.05,-0.11,0.02,0.06,-31
0,1303,758,658,797,8.93,-5.05,1.09,-0.19,0.03,-0.03,-31
0,1267,756,684,696,8.94,-4.91,1.47,-0.14,0.03,-0.01,-31
0,1277,770,642,679,8.82,-4.91,1.36,-0.08,-0.04,0.00,-31
0,1264,765,653,715,8.86,-4.98,1.10,-0.13,-0.01,-0.02,-31
0,1269,800,697,703,8.97,-5.02,1.02,-0.18,0.06,-0.07,-31
0,1282,784,689,688,9.04,-4.58,1.38,-0.07,0.02,-0.03,-31
0,1279,762,682,726,8.96,-5.01,1.13,-0.13,-0.03,0.02,-31
0,1298,755,673,718,8.99,-4.73,1.29,-0.12,0.04,-0.02,-31
0,1303,739,679,702,9.02,-4.73,1.22,-0.06,-0.00,-0.00,-31
0,1301,752,669,673,9.00,-4.84,0.99,-0.12,0.00,-0.01,-31
0,1303,769,659,671,9.09,-4.76,1.15,-0.10,0.02,-0.02,-31
0,1307,785,656,707,9.04,-4.61,1.33,-0.16,0.01,0.03,-31
0,1301,770,659,683,8.98,-4.75,0.81,-0.54,0.02,0.11,-31
0,1299,787,656,681,8.79,-4.77,0.88,-0.21,0.01,0.10,-31
0,1326,796,671,705,9.11,-5.32,1.33,0.35,-0.19,0.32,-31
0,1328,802,672,690,8.25,-6.51,0.47,0.15,-0.19,0.17,-31
0,1310,771,687,691,8.45,-6.14,0.16,-0.15,0.07,0.00,-31
0,1313,773,670,683,8.87,-5.24,0.72,-0.14,0.05,-0.13,-31
0,1306,779,659,685,8.68,-5.08,0.95,-0.01,-0.06,-0.01,-31
0,1281,771,676,681,8.59,-5.66,0.63,0.01,-0.09,0.03,-31
0,1305,769,653,669,8.56,-5.55,0.31,-0.14,0.06,-0.06,-31
0,1293,788,659,677,8.66,-5.37,0.66,-0.15,0.12,-0.08,-31
0,1290,778,640,665,8.75,-5.05,0.96,-0.12,0.08,-0.01,-31
0,1264,759,658,695,8.79,-5.29,0.96,-0.04,-0.03,0.03,-31
0,1251,775,678,686,8.58,-5.46,0.80,-0.10,0.01,-0.01,-31
0,1265,769,656,654,8.65,-5.37,0.79,-0.13,0.02,-0.02,-31
0,1248,779,635,656,8.71,-5.37,0.64,-0.20,-0.01,-0.00,-31
0,1275,800,613,654,8.66,-5.38,0.70,-0.14,0.02,-0.00,-31
0,1246,762,614,643,8.69,-5.32,0.82,-0.16,-0.01,0.01,-31
0,1269,799,624,668,8.58,-5.22,0.58,-0.18,0.02,0.05,-31
0,1262,778,646,687,8.64,-4.94,1.04,-0.30,-0.04,0.26,-31
0,1248,781,624,656,7.44,-6.70,-0.19,0.07,-0.06,0.74,-31
0,1262,749,631,650,7.55,-7.52,-0.49,-0.26,-0.14,0.39,-31
0,1279,758,595,641,6.81,-7.23,0.01,0.01,0.02,0.04,-31
0,1249,744,624,682,6.80,-7.65,-0.31,-0.09,-0.00,0.10,-31
0,1261,786,617,688,6.72,-6.50,-0.14,-0.31,0.10,0.30,-31
0,1255,752,617,670,6.29,-8.33,0.36,-0.05,0.07,0.39,-31
0,1232,790,628,646,6.18,-7.95,0.00,-0.05,-0.09,-0.02,-31
0,1250,784,622,657,6.34,-8.00,0.08,-0.00,-0.09,-0.02,-31
0,1269,797,608,646,6.21,-7.96,-0.03,-0.02,-0.12,-0.05,-31
0,1273,779,613,634,6.20,-7.83,-0.11,0.00,-0.16,-0.02,-31
0,1232,737,637,654,6.08,-8.37,0.09,0.08,-0.23,-0.02,-31
0,1242,735,633,627,6.36,-7.97,-0.43,-0.04,-0.07,-0.12,-31
0,1202,739,605,621,6.43,-7.63,0.08,0.12,-0.05,-0.14,-31
0,1223,723,590,581,6.89,-7.54,-0.37,0.01,-0.13,-0.14,-31
0,1216,722,624,594,6.40,-7.57,-0.00,-0.22,-0.05,-0.12,-31
0,1232,720,593,571,6.53,-7.75,-0.20,-0.03,-0.07,-0.05,-31
0,1233,739,605,563,6.52,-7.72,-0.22,-0.05,-0.02,-0.01,-31
0,1225,721,617,570,6.51,-7.68,-0.26,-0.10,-0.03,-0.00,-31
0,1220,734,623,575,6.68,-7.71,-0.28,-0.07,0.00,0.01,-31
0,1279,743,615,574,6.56,-7.70,-0.14,-0.13,0.03,0.01,-31
0,1247,719,624,574,6.63,-7.67,-0.22,-0.15,0.04,-0.02,-31
0,1260,766,619,570,6.78,-7.46,-0.03,-0.12,-0.00,-0.00,-31
0,1253,746,619,566,6.59,-7.61,-0.30,-0.11,0.01,-0.01,-31
0,1250,739,628,560,6.67,-7.51,-0.23,-0.11,0.04,-0.01,-31
0,1258,757,629,556,6.62,-7.56,-0.26,-0.11,0.01,0.00,-31
0,1254,751,600,528,6.67,-7.60,-0.22,-0.09,0.02,-0.00,-31
0,1235,743,624,464,6.99,-7.76,-0.34,-0.12,0.02,-0.12,-31
0,1247,762,599,455,7.87,-7.32,0.06,-0.07,-0.12,-0.21,-31
0,1279,752,637,511,6.55,-6.47,-0.40,0.74,-0.08,-0.02,-31
0,1253,752,617,502,6.68,-6.71,0.74,1.06,-0.09,0.14,-31
0,1233,742,643,496,6.84,-7.53,1.96,1.11,-0.09,0.31,-31
0,1247,705,640,482,7.92,-6.26,3.53,0.55,-0.13,0.25,-31
0,1277,743,667,462,6.45,-7.83,2.72,0.09,0.07,0.04,-31
0,1280,748,624,423,5.84,-12.71,3.23,-2.14,0.37,0.21,-31
0,1216,650,533,297,6.05,-9.30,-0.07,-4.37,0.74,0.35,-31
0,1115,669,560,298,7.07,-2.47,-4.28,-3.88,0.26,-0.07,-31
0,1120,686,557,304,6.99,-2.14,-5.57,-2.09,0.28,-0.01,-31
0,1099,657,548,310,6.81,-2.33,-6.21,-0.08,-0.02,0.04,-31
0,1137,598,567,341,6.80,-2.26,-6.01,-0.03,-0.15,0.03,-31
0,1133,637,562,364,6.85,-2.26,-6.10,-0.07,-0.20,0.09,-31
0,1137,653,544,333,6.31,-2.51,-6.55,-0.04,-0.34,0.15,-31
0,1207,656,576,336,6.13,-3.23,-7.07,-0.01,-0.05,-0.06,-31
0,1232,653,589,292,5.97,-2.44,-7.18,0.04,-0.07,0.06,-31
0,1200,670,571,305,5.97,-2.78,-6.63,-0.14,0.09,-0.14,-31
0,1221,688,544,290,5.85,-2.86,-6.69,-0.05,0.09,-0.19,-31
0,1201,626,483,302,6.12,-2.53,-6.58,-0.03,0.14,-0.12,-31
0,1104,599,518,240,6.05,-3.08,-6.71,-0.21,0.12,-0.01,-31
0,1077,580,528,288,7.37,-1.11,-5.38,-0.08,-0.31,0.39,-31
0,1204,576,547,318,4.00,-11.72,-2.07,2.94,0.00,-0.20,-31
0,1169,614,576,361,5.20,-8.03,-2.33,-0.16,0.01,-0.04,-31
0,1151,621,575,353,5.15,-7.50,-2.52,0.59,-0.10,-0.11,-31
0,1206,609,566,367,5.08,-8.82,-1.10,0.70,0.01,-0.15,-31
0,1228,615,541,343,6.17,-5.96,-1.05,0.87,-0.14,-0.27,-31
0,1237,646,590,502,5.88,-8.47,3.22,0.66,0.08,-0.21,-31
0,1217,674,661,505,7.08,-6.99,3.29,2.07,0.02,-0.48,-31
0,1205,640,643,496,7.11,-5.83,6.26,1.59,0.11,-0.31,-31
0,1177,656,609,524,6.99,-5.74,6.80,0.25,-0.04,-0.13,-31
0,1204,683,659,485,7.12,-4.90,4.96,-0.44,0.17,-0.01,-31
0,1187,693,624,489,7.15,-5.39,5.80,0.07,-0.02,-0.01,-31
0,1200,688,646,489,7.32,-5.39,5.79,-0.10,0.01,0.07,-31
0,1179,684,634,467,6.59,-5.16,5.86,0.03,0.27,0.10,-31
0,1168,693,643,496,6.28,-5.84,6.66,-0.10,0.06,0.06,-31
0,1204,708,631,461,6.75,-5.66,5.92,-0.18,-0.04,0.02,-31
0,1206,722,632,471,6.78,-5.87,6.00,-0.07,-0.01,-0.02,-31
0,1200,709,651,494,6.87,-5.66,6.13,-0.17,-0.03,0.01,-31
0,1169,693,639,469,7.00,-5.60,5.72,-0.12,-0.04,0.04,-31
0,1200,683,623,482,6.77,-5.81,5.88,-0.16,-0.01,0.00,-31
0,1184,688,649,453,6.69,-5.94,5.68,-0.18,0.01,-0.02,-31
0,1191,688,615,400,6.82,-5.83,5.71,-0.17,0.05,0.01,-31
0,1169,688,638,426,6.96,-5.78,5.71,-0.14,0.02,-0.01,-31
0,1175,673,624,399,6.85,-5.91,5.82,-0.11,-0.03,-0.02,-31
0,1191,682,627,390,6.85,-5.93,5.49,-0.11,-0.00,-0.00,-31
0,1193,688,623,395,6.87,-5.86,5.59,-0.09,0.01,-0.02,-31
0,1155,690,592,400,6.75,-5.84,5.65,-0.12,-0.02,-0.01,-31
0,1185,672,609,405,6.83,-5.82,5.74,-0.06,0.05,-0.03,-31
0,1185,699,595,380,6.69,-6.11,5.49,-0.17,0.00,0.01,-31
0,1175,674,603,391,6.78,-6.01,5.74,-0.10,0.03,-0.02,-31
0,1174,684,602,389,6.76,-5.80,5.53,-0.15,0.03,-0.00,-31
0,1184,695,598,373,6.71,-6.00,5.59,-0.12,0.01,-0.00,-31
0,1110,667,606,373,6.76,-6.01,5.65,-0.11,0.01,0.00,-31
0,1124,658,598,368,6.76,-6.14,5.57,-0.08,-0.01,-0.01,-31
0,1167,654,599,367,6.74,-5.94,5.54,-0.11,0.02,0.01,-31
0,1178,674,576,363,6.74,-5.87,5.54,-0.08,0.01,-0.02,-31
0,1181,697,583,362,6.70,-6.07,5.54,-0.15,0.02,0.01,-31
0,1210,678,586,355,6.72,-6.11,5.60,-0.15,0.01,-0.01,-31
0,1189,707,634,381,6.77,-6.03,5.45,-0.12,0.01,-0.01,-31
0,1200,698,603,355,6.76,-6.00,5.55,-0.10,0.01,-0.01,-31
0,1211,710,618,371,6.68,-6.02,5.60,-0.13,0.01,0.01,-31
0,1216,683,654,400,6.79,-6.05,5.49,-0.10,-0.03,-0.01,-31
0,1185,699,652,402,6.71,-5.88,5.61,-0.10,0.02,0.01,-31
0,1213,691,631,382,6.71,-6.07,5.29,-0.07,0.05,0.01,-31
0,1205,693,646,395,6.90,-6.26,5.73,-0.09,0.06,-0.01,-31
0,1200,690,645,395,6.77,-6.05,5.60,-0.10,0.01,-0.03,-31
0,1213,666,635,379,6.71,-5.95,5.40,-0.12,0.01,-0.01,-31
0,1212,689,597,355,6.86,-6.29,5.73,-0.09,0.01,0.01,-31
0,1179,668,617,364,6.69,-6.18,5.59,-0.15,-0.02,-0.02,-31
0,1178,677,624,349,6.70,-5.97,5.47,-0.14,-0.02,0.00,-31
0,1183,699,609,337,6.67,-6.01,5.34,-0.12,-0.00,-0.02,-31
0,1184,698,620,347,6.72,-6.09,5.42,-0.07,0.03,-0.04,-31
0,1159,691,624,327,6.76,-6.06,5.39,-0.10,0.03,-0.00,-31
0,1186,706,608,338,6.78,-6.08,5.55,-0.09,0.02,-0.01,-31
0,1164,681,629,322,6.76,-6.05,5.47,-0.10,0.02,-0.01,-31
0,1211,692,611,327,6.84,-6.03,5.52,-0.10,0.01,-0.00,-31
0,1202,726,629,338,6.71,-6.09,5.41,-0.09,0.03,-0.01,-31
0,1200,699,623,338,6.76,-6.01,5.59,-0.11,0.01,-0.01,-31
0,1192,707,640,344,6.78,-5.93,5.49,-0.08,-0.00,0.01,-31
0,1186,705,624,307,6.60,-6.18,5.75,-0.03,0.05,0.01,-31
0,1200,706,610,306,6.79,-6.03,5.73,-0.12,0.01,0.00,-31
0,1220,723,599,314,6.75,-6.13,5.56,-0.10,0.01,-0.02,-31
0,1232,715,608,301,6.82,-6.03,5.50,-0.09,0.02,-0.02,-31
0,1207,705,624,304,6.73,-5.98,5.52,-0.08,-0.01,-0.00,-31
0,1211,730,636,288,6.79,-6.10,5.60,-0.10,-0.00,-0.01,-31
0,1211,708,639,325,6.78,-6.13,5.55,-0.09,0.00,-0.01,-31
0,1211,697,656,310,6.74,-6.06,5.61,-0.07,0.03,-0.01,-31
0,1244,699,659,319,6.75,-6.00,5.53,-0.10,0.01,-0.02,-31
0,1227,688,658,306,6.76,-5.86,5.47,-0.08,0.05,-0.01,-31
0,1240,709,655,297,6.93,-5.98,5.54,-0.18,-0.10,-0.02,-31
0,1216,682,631,288,6.86,-5.79,5.20,-0.17,-0.04,-0.02,-31
0,1232,688,613,271,6.89,-5.90,5.46,-0.05,0.09,-0.00,-31
0,1219,691,630,270,6.92,-6.00,5.55,-0.06,-0.00,0.02,-31
0,1200,661,643,278,6.85,-5.85,5.50,-0.04,-0.01,0.00,-31
0,1202,676,595,288,6.84,-6.17,5.64,-0.07,-0.05,0.02,-31
0,1182,677,639,292,6.78,-6.09,5.51,-0.10,-0.04,0.00,-31
0,1210,667,630,279,6.95,-6.07,5.60,-0.10,-0.06,0.01,-31
0,1215,663,624,289,6.81,-5.89,5.42,-0.09,0.02,0.01,-31
0,1222,659,639,290,6.88,-6.04,5.59,-0.06,0.06,-0.07,-31
0,1216,688,630,287,7.02,-5.94,5.54,-0.14,0.03,-0.02,-31
0,1201,673,624,273,7.00,-5.92,5.31,-0.10,0.01,0.02,-31
0,1211,670,613,259,6.98,-5.32,5.92,-0.17,0.05,0.03,-31
0,1196,689,624,266,6.96,-5.55,5.65,-0.12,0.03,-0.02,-31
0,1212,695,623,270,6.96,-5.72,5.93,-0.11,-0.01,0.00,-31
0,1198,674,638,258,6.83,-5.84,5.69,-0.10,0.02,-0.01,-31
0,1219,696,637,254,6.99,-5.77,5.46,-0.06,0.01,-0.02,-31
0,1181,593,615,241,6.93,-5.90,5.64,-0.10,0.01,-0.00,-31
0,1200,694,649,272,6.94,-5.78,5.55,-0.12,-0.00,0.00,-31
0,1203,695,644,274,6.91,-5.84,5.51,-0.11,-0.00,0.00,-31
0,1207,699,650,256,6.88,-5.82,5.50,-0.13,0.01,-0.02,-31
0,1216,707,610,250,6.96,-5.82,5.54,-0.11,-0.02,-0.01,-31
0,1198,716,626,267,7.02,-5.73,5.35,-0.09,0.01,-0.01,-31
0,1197,687,631,272,6.90,-5.76,5.47,-0.07,0.04,-0.00,-31
0,1202,693,631,278,6.99,-5.74,5.42,-0.08,0.02,0.00,-31
0,1230,689,610,251,6.91,-5.91,5.36,-0.09,0.06,0.02,-31
0,1202,675,624,270,6.94,-5.89,5.68,-0.08,0.01,-0.01,-31
0,1234,675,599,263,6.90,-6.05,5.63,-0.05,0.05,0.01,-31
0,1181,673,602,273,7.02,-5.98,5.67,-0.08,-0.03,-0.01,-31
0,1202,683,587,289,6.92,-5.84,5.41,-0.10,0.02,-0.00,-31
0,1217,659,592,267,6.90,-5.81,5.83,-0.13,0.06,0.01,-31
0,1168,656,592,267,6.91,-5.83,5.64,-0.08,0.01,0.02,-31
0,1184,646,593,261,6.97,-6.02,5.52,-0.12,-0.02,-0.01,-31
0,1157,681,598,267,5.98,-6.07,4.98,-0.37,-0.08,0.09,-31
0,1165,670,595,258,6.54,-6.01,4.60,-0.33,-0.05,0.05,-31
0,1191,686,569,251,7.13,-5.88,5.03,-0.39,-0.01,-0.03,-31
0,1105,624,559,240,6.85,-6.56,4.58,-0.36,-0.48,0.06,-31
0,1127,661,536,237,7.09,-6.19,3.85,-0.24,-0.18,-0.02,-31
0,1104,665,560,240,7.72,-6.49,4.03,-0.06,-0.11,-0.14,-31
0,1115,670,560,253,7.49,-5.98,3.67,-0.14,-0.30,0.10,-31
0,1126,688,528,227,7.60,-6.65,3.73,-0.04,-0.27,0.13,-31
0,1118,721,523,230,6.97,-6.70,3.28,0.06,-0.15,-0.07,-31
0,1105,707,538,225,7.53,-6.45,3.49,-0.03,-0.07,0.00,-31
0,1123,727,528,247,7.52,-6.41,3.28,-0.17,-0.05,-0.01,-31
0,1096,742,557,257,7.41,-6.68,3.43,-0.09,-0.05,-0.05,-31
0,1105,708,548,238,7.68,-6.38,3.18,-0.10,0.03,0.02,-31
0,1120,730,542,230,7.77,-6.12,3.23,-0.13,0.05,0.04,-31
0,1110,731,545,222,7.22,-6.89,3.21,-0.21,0.00,-0.02,-31
0,1069,689,561,227,7.42,-6.66,3.22,-0.13,0.09,-0.07,-31
0,1091,735,566,199,8.00,-6.22,3.36,-0.21,0.08,-0.03,-31
0,1064,705,586,204,7.79,-6.00,3.22,-0.14,-0.23,-0.35,-31
0,1049,683,567,187,7.48,-5.82,2.20,-0.30,0.11,-0.13,-31
0,1061,677,553,173,7.99,-6.37,2.59,-0.63,0.41,0.14,-31
0,1104,703,511,169,8.40,-6.11,2.81,-0.80,0.35,-0.15,-31
0,1102,686,492,171,8.31,-5.75,1.80,-0.54,0.32,0.10,-31
0,1061,705,509,176,8.39,-6.15,2.07,-0.37,0.32,-0.02,-31
0,1066,688,505,182,7.88,-5.87,2.49,-0.25,0.21,-0.01,-31
0,1085,681,500,160,8.20,-6.48,2.50,-0.08,0.18,-0.05,-31
0,1082,678,490,162,7.47,-5.90,2.34,-0.13,0.09,0.00,-31
0,1090,671,503,173,7.97,-6.48,2.42,-0.11,0.18,0.09,-31
0,1058,707,506,190,7.94,-6.69,2.93,-0.09,0.10,-0.08,-31
0,1030,682,526,196,8.28,-6.84,3.01,-0.12,0.06,0.00,-31
0,1056,686,496,194,7.91,-6.17,2.89,-0.15,0.06,-0.11,-31
0,1075,681,503,193,7.98,-5.93,2.79,-0.08,0.03,-0.00,-31
0,1040,685,511,196,8.09,-5.90,2.80,-0.04,-0.08,0.01,-31
0,1084,655,483,192,8.06,-6.12,2.82,0.13,-0.21,0.10,-31
0,1081,643,490,178,8.06,-6.05,2.83,0.14,-0.16,0.03,-31
0,1090,624,496,190,8.00,-6.08,2.95,0.27,-0.32,0.10,-31
0,1079,620,519,186,7.91,-6.33,2.82,0.24,-0.34,0.08,-31
0,1072,636,508,193,7.92,-6.03,2.81,0.35,-0.29,0.15,-31
0,1071,610,519,202,7.55,-6.65,2.89,0.27,-0.31,0.13,-31
0,1057,618,538,197,7.58,-6.57,2.70,0.19,-0.21,0.04,-31
0,1044,624,576,183,7.41,-6.47,2.53,0.04,-0.13,0.02,-31
0,1049,644,567,207,7.47,-6.97,2.78,-0.16,0.07,0.04,-31
0,1065,646,571,202,7.37,-6.80,2.88,-0.36,0.22,-0.07,-31
0,1069,624,575,187,7.35,-6.80,2.43,-0.50,0.25,-0.07,-31
0,1072,641,599,226,7.43,-6.52,2.49,-0.62,0.46,-0.19,-31
0,1066,651,587,205,7.64,-6.27,3.05,-0.59,0.49,-0.10,-31
0,1088,651,541,211,8.20,-5.50,4.01,-0.01,-0.21,0.67,-31
0,1029,622,531,191,6.62,-7.72,1.38,-0.57,0.48,-0.07,-31
0,1042,624,547,235,7.89,-6.70,2.09,-0.44,0.36,-0.13,-31
0,1023,609,529,156,7.57,-6.21,2.01,-0.26,0.18,-0.04,-31
0,1031,598,520,177,7.43,-6.71,2.08,-0.08,-0.04,0.10,-31
0,1010,610,541,178,6.83,-7.35,2.28,0.01,-0.05,0.17,-31
0,1011,624,528,176,6.83,-7.96,1.88,-0.15,0.02,0.11,-31
0,1074,662,528,198,7.23,-6.94,2.04,-0.23,0.08,-0.10,-31
0,1067,656,548,198,7.09,-6.67,2.04,-0.09,0.01,0.00,-31
0,1073,657,524,180,6.98,-7.29,1.95,-0.04,-0.06,0.12,-31
0,1069,654,527,182,6.87,-7.72,1.87,-0.05,-0.02,0.07,-31
0,1066,621,538,188,6.95,-7.54,1.93,-0.15,0.02,0.01,-31
0,1079,656,527,192,6.92,-7.17,2.09,-0.14,0.05,-0.03,-31
0,1085,639,530,186,6.87,-7.36,1.87,-0.02,-0.03,0.05,-31
0,1078,661,527,195,6.80,-7.38,2.05,-0.15,-0.01,-0.01,-31
0,1053,647,549,199,6.92,-7.21,1.96,-0.11,0.02,0.00,-31
0,1083,624,501,208,6.91,-7.51,2.04,-0.10,0.01,0.02,-31
0,1072,623,523,197,6.73,-7.28,1.96,-0.09,-0.02,0.03,-31
0,1049,635,528,231,6.66,-7.41,1.83,-0.12,0.02,-0.04,-31
0,1033,613,533,202,6.82,-7.40,1.81,-0.11,-0.01,0.02,-31
0,1072,628,529,204,6.74,-7.62,1.79,-0.13,0.03,-0.05,-31
0,1056,624,524,186,6.84,-7.21,1.96,-0.11,0.04,-0.04,-31
0,1061,604,519,187,6.89,-7.34,2.10,-0.06,0.00,0.01,-31
0,1050,592,533,187,6.89,-7.49,1.93,-0.12,-0.00,0.01,-31
0,1104,577,545,176,6.81,-7.35,2.04,-0.14,0.03,-0.03,-31
0,1073,592,554,198,6.95,-7.30,1.87,-0.09,0.00,-0.01,-31
0,1057,614,554,196,6.73,-7.47,1.77,-0.08,0.00,-0.01,-31
0,1067,595,546,172,7.20,-7.30,1.84,-0.05,-0.11,-0.11,-31
0,1078,587,541,163,7.21,-6.78,1.78,0.14,-0.25,-0.01,-31
0,1082,605,547,151,7.16,-7.06,1.87,0.21,-0.25,0.07,-31
0,1069,593,546,145,7.10,-6.86,2.09,0.28,-0.39,0.08,-31
0,1046,577,496,130,6.97,-7.60,1.75,0.30,-0.49,0.11,-31
0,1042,579,508,112,6.85,-7.30,2.01,0.30,-0.35,0.06,-31
0,1047,599,531,113,6.52,-7.95,2.17,0.07,-0.21,0.06,-31
0,1054,588,550,142,6.67,-7.68,1.86,-0.03,-0.15,-0.04,-31
0,1042,586,533,126,6.80,-7.62,1.67,-0.06,-0.11,-0.08,-31
0,1069,560,537,112,6.99,-7.16,1.73,-0.04,-0.01,-0.10,-31
0,1056,563,577,142,7.09,-7.08,1.96,-0.01,-0.04,-0.05,-31
0,1030,566,554,128,6.91,-7.14,2.01,0.05,-0.09,0.10,-31
0,1038,542,545,133,6.65,-7.81,1.78,-0.06,-0.16,0.14,-31
0,1036,560,518,134,6.62,-7.92,1.42,-0.11,-0.04,0.01,-31
0,1040,539,528,139,6.87,-7.63,1.84,-0.16,0.01,-0.09,-31
0,1015,528,542,128,7.01,-7.25,1.70,-0.12,-0.03,-0.12,-31
0,1008,530,553,150,6.89,-7.16,1.59,-0.03,0.01,-0.05,-31
0,1049,527,532,137,6.93,-7.54,2.17,-0.05,0.02,0.00,-31
0,1035,549,548,143,6.84,-7.48,1.95,-0.08,-0.01,0.01,-31
0,992,532,547,133,6.78,-7.43,1.91,-0.13,0.06,0.03,-31
0,1040,543,553,128,6.67,-7.43,1.77,-0.17,0.10,0.06,-31
0,1015,537,561,135,6.56,-7.75,1.97,-0.18,0.17,0.02,-31
0,1031,567,543,149,6.47,-7.65,1.95,-0.25,0.21,-0.02,-31
0,1037,571,550,164,6.41,-7.75,2.07,-0.37,0.32,-0.05,-31
0,1017,571,567,144,6.51,-7.72,2.09,-0.49,0.43,-0.07,-31
0,1031,571,560,144,6.62,-7.72,2.10,-0.54,0.49,-0.07,-31
0,1007,538,562,138,6.74,-7.69,2.09,-0.69,0.65,-0.14,-31
0,1031,534,548,132,6.89,-7.29,2.05,-0.68,0.63,-0.17,-31
0,1048,563,541,134,7.12,-7.07,2.14,-0.69,0.60,-0.17,-31
0,1040,544,551,138,7.14,-7.12,1.94,-0.64,0.54,-0.16,-31
0,1063,555,542,131,7.35,-6.93,1.88,-0.58,0.52,-0.15,-31
0,1054,545,534,132,7.38,-6.98,1.83,-0.51,0.45,-0.10,-31
0,1022,555,549,142,7.53,-6.68,1.77,-0.41,0.30,-0.03,-31
0,1041,574,523,150,7.35,-6.91,1.62,-0.29,0.23,0.02,-31
0,1043,577,503,133,7.29,-6.86,1.61,-0.14,0.06,0.03,-31
0,1030,614,541,143,7.00,-7.55,1.54,-0.10,0.03,0.04,-31
0,1046,626,527,144,7.20,-7.13,1.60,-0.06,-0.00,-0.02,-31
0,1039,608,535,155,7.16,-7.21,1.65,-0.05,-0.06,-0.03,-31
0,1021,569,527,129,7.20,-6.94,1.71,0.02,-0.08,0.01,-31
0,1015,560,510,129,7.10,-7.09,1.66,0.04,-0.10,0.06,-31
0,996,589,535,122,6.90,-7.26,1.85,0.06,-0.09,0.10,-31
0,1035,610,510,122,6.91,-7.44,1.67,-0.05,-0.02,-0.04,-31
0,1023,592,528,133,7.11,-7.14,1.76,-0.04,-0.06,-0.03,-31
0,1022,561,527,117,6.95,-7.24,1.70,-0.05,-0.06,-0.02,-31
0,1017,554,516,124,6.92,-7.28,1.77,-0.04,-0.04,0.05,-31
0,1006,565,532,138,6.92,-7.34,1.73,-0.11,-0.01,-0.02,-31
0,1052,570,502,125,6.85,-7.35,1.71,-0.13,0.00,-0.01,-31
0,1023,562,510,128,6.91,-7.35,1.59,-0.09,0.01,-0.00,-31
0,1033,594,419,61,6.92,-7.49,1.71,-0.10,0.02,-0.02,-31
0,1045,598,527,128,6.93,-7.35,1.71,-0.10,0.02,-0.04,-31
0,1049,637,507,119,7.00,-7.03,1.54,-0.11,0.04,-0.02,-31
0,1044,644,524,144,7.06,-7.27,1.76,-0.07,-0.02,-0.02,-31
0,1036,624,531,138,7.33,-7.18,1.66,-0.08,-0.06,-0.08,-31
0,1061,613,529,122,7.25,-6.79,1.69,-0.01,-0.12,-0.01,-31
0,916,624,530,128,7.26,-7.02,1.49,0.09,-0.23,0.04,-31
0,1031,624,530,149,7.08,-7.16,1.53,0.11,-0.23,0.03,-31
0,1034,598,528,144,7.16,-7.12,1.72,0.16,-0.26,0.08,-31
0,1035,558,528,139,6.74,-7.45,0.90,-0.14,0.03,-0.02,-31
0,1030,576,560,142,6.82,-7.59,0.82,-0.14,-0.07,-0.07,-31
0,1072,592,545,139,6.84,-7.45,0.52,-0.12,-0.05,-0.07,-31
0,1059,591,540,142,6.80,-6.98,0.21,-0.09,0.08,0.05,-31
0,1059,563,540,144,6.78,-7.33,0.55,-0.12,-0.04,-0.01,-31
0,1046,544,547,135,6.96,-9.00,1.93,-0.03,0.06,-0.02,-31
0,1046,566,546,144,6.63,-6.19,-0.21,-0.30,-0.22,-0.19,-31
0,1061,571,549,145,6.65,-7.50,0.54,0.05,0.44,0.28,-31
0,1065,561,544,144,6.40,-6.43,0.22,-0.13,-0.15,-0.06,-31
0,1056,555,547,142,7.11,-8.45,1.30,0.02,0.13,0.04,-31
0,1081,554,542,143,6.76,-6.78,0.70,-0.14,-0.09,-0.06,-31
0,1061,536,560,145,7.01,-8.55,1.28,-0.08,-0.04,-0.03,-31
0,1046,541,557,142,6.60,-6.99,0.30,-0.12,0.05,0.05,-31
0,1065,556,551,159,7.00,-8.11,1.22,-0.09,-0.01,-0.05,-31
0,1053,545,550,144,6.67,-7.14,0.39,-0.10,0.07,0.03,-31
0,1071,529,551,138,6.62,-7.12,0.58,-0.10,0.02,-0.01,-31
0,1085,562,539,123,6.90,-7.78,1.02,-0.08,0.03,-0.01,-31
0,1072,560,532,112,6.70,-7.48,0.88,-0.10,-0.01,-0.02,-31
0,1079,560,538,137,6.84,-7.64,0.72,-0.10,0.01,-0.01,-31
0,1069,576,528,117,6.69,-7.50,0.75,-0.09,0.07,0.05,-31
0,1074,570,529,165,6.68,-7.22,0.46,-0.17,-0.06,-0.06,-31
0,1072,583,550,151,6.95,-7.97,1.03,-0.04,0.09,0.02,-31
0,1055,556,528,118,6.73,-7.81,0.75,-0.14,-0.02,-0.04,-31
0,1051,562,528,130,6.73,-7.46,0.74,-0.13,-0.02,-0.02,-31
0,1072,592,506,144,6.61,-7.58,0.65,-0.08,0.06,0.01,-31
0,1069,577,519,140,6.77,-7.56,1.21,-0.08,0.02,-0.01,-31
0,1072,599,519,141,6.58,-7.21,0.53,-0.12,0.00,0.10,-31
0,1079,583,522,136,6.67,-7.94,0.82,-0.14,-0.08,-0.04,-31
0,1064,571,540,145,6.57,-7.35,0.55,-0.08,0.11,0.05,-31
0,1072,576,506,129,6.94,-7.96,1.31,-0.13,-0.06,-0.07,-31
0,1061,590,539,133,6.89,-7.54,0.77,-0.02,-0.03,-0.03,-31
0,1043,599,538,125,7.00,-7.26,0.78,0.04,-0.12,-0.01,-31
0,1069,583,534,137,6.93,-7.40,0.81,0.09,-0.22,-0.01,-31
0,1054,592,528,143,6.64,-7.67,0.82,0.13,-0.23,0.08,-31
0,1043,605,544,146,6.51,-7.93,0.78,0.04,-0.18,-0.00,-31
0,1061,589,560,129,6.66,-7.76,0.85,0.02,-0.15,-0.08,-31
0,1063,579,534,110,6.73,-7.29,0.81,0.05,-0.16,-0.06,-31
0,1038,575,522,113,6.68,-7.47,0.82,0.09,-0.15,-0.01,-31
0,1082,564,526,105,6.60,-7.66,0.92,0.06,-0.12,0.03,-31
0,1049,567,471,112,6.36,-8.13,0.88,-0.05,-0.02,0.04,-31
0,1075,589,525,102,6.35,-8.01,0.88,-0.11,0.06,0.04,-31
0,1046,585,530,145,6.25,-7.89,0.85,-0.19,0.10,0.04,-31
0,1070,595,511,128,6.19,-8.20,0.88,-0.22,0.18,0.05,-31
0,1044,585,544,117,6.12,-8.03,0.79,-0.32,0.31,-0.00,-31
0,1072,591,534,112,6.23,-7.98,1.05,-0.38,0.39,-0.01,-31
0,1057,583,550,112,6.42,-7.78,1.10,-0.58,0.59,-0.08,-31
0,1061,585,532,126,6.77,-7.60,0.98,-0.63,0.56,-0.09,-31
0,1054,593,531,144,6.93,-7.43,0.93,-0.55,0.51,-0.11,-31
0,1063,582,544,138,7.09,-7.25,0.89,-0.51,0.46,-0.08,-31
0,1088,577,505,139,7.14,-7.15,0.87,-0.46,0.40,-0.05,-31
0,1060,566,498,155,7.11,-7.10,0.75,-0.34,0.32,-0.03,-31
0,1058,550,494,118,7.17,-7.19,0.86,-0.29,0.24,0.01,-31
0,1084,575,469,123,7.11,-7.33,0.85,-0.16,0.07,0.01,-31
0,1065,560,467,80,6.92,-7.47,0.76,-0.08,-0.03,0.03,-31
0,1061,572,482,128,6.80,-7.60,0.80,-0.09,-0.05,-0.02,-31
0,1067,556,496,134,6.87,-7.32,0.77,-0.05,-0.02,-0.03,-31
0,1064,586,496,151,6.70,-7.56,0.68,-0.08,0.00,0.01,-31
0,1040,562,500,144,6.86,-7.54,0.85,-0.09,0.02,0.01,-31
0,1051,582,521,139,6.79,-7.54,0.73,-0.12,-0.00,-0.02,-31
0,1049,578,526,146,6.93,-7.45,0.81,-0.08,-0.01,-0.04,-31
0,1081,573,522,141,6.87,-7.37,0.68,-0.06,-0.02,-0.03,-31
0,1040,562,517,133,6.85,-7.51,0.64,-0.04,0.06,0.08,-31
0,1055,545,485,122,6.80,-7.76,0.62,-0.10,0.04,-0.00,-31
0,1040,560,500,131,6.93,-7.38,1.02,-0.09,-0.02,-0.00,-31
0,1055,551,498,130,6.71,-7.61,0.57,-0.06,-0.01,-0.03,-31
0,1046,560,499,138,6.85,-7.53,0.72,-0.10,0.02,-0.06,-31
0,1072,576,496,138,6.88,-7.45,0.77,-0.12,0.03,-0.03,-31
0,1072,565,499,112,6.92,-7.40,0.80,-0.10,0.02,0.04,-31
0,1059,566,503,130,6.84,-7.30,0.75,-0.11,0.02,-0.04,-31
0,1077,566,477,131,6.85,-7.51,0.86,-0.09,-0.01,-0.06,-31
0,1090,580,474,139,6.81,-7.32,0.88,-0.17,0.05,0.01,-31
0,1057,581,503,114,6.98,-7.36,0.83,-0.12,0.01,-0.01,-31
0,1070,571,501,138,6.80,-7.53,0.63,-0.10,0.02,0.01,-31
0,1077,571,507,129,6.90,-7.54,0.68,-0.13,0.05,0.00,-31
0,1085,587,496,92,7.09,-7.70,0.58,-0.12,-0.01,-0.03,-31
0,1090,589,491,97,6.80,-6.94,0.66,-0.04,-0.04,0.04,-31
0,1088,592,496,118,6.89,-7.48,0.80,-0.13,0.07,0.00,-31
0,1070,588,507,119,6.99,-7.44,0.69,-0.15,-0.01,-0.02,-31
0,1088,583,483,131,6.86,-7.41,0.67,-0.09,0.00,0.02,-31
0,1061,572,496,127,6.78,-7.57,0.73,-0.09,0.02,0.04,-31
0,1079,559,503,131,6.89,-7.46,0.69,-0.09,0.03,-0.01,-31
0,1072,559,510,126,6.79,-7.33,0.66,-0.08,-0.02,0.02,-31
0,1079,547,491,121,6.89,-7.43,0.82,-0.12,0.04,-0.03,-31
0,1061,546,508,126,6.80,-7.52,0.60,-0.11,0.02,-0.01,-31
0,1072,560,507,126,6.75,-7.63,0.68,-0.12,0.07,0.04,-31
0,1072,558,487,126,7.06,-7.58,0.79,-0.16,0.07,-0.06,-31
0,1058,560,500,113,6.99,-7.13,0.58,-0.15,0.05,-0.06,-31
0,1051,565,504,128,7.00,-7.21,0.60,-0.07,0.01,-0.01,-31
0,1079,580,490,114,6.98,-7.58,0.67,-0.07,0.00,0.00,-31
0,1049,567,533,130,7.08,-7.18,0.83,-0.10,-0.01,-0.06,-31
0,1066,561,496,127,6.80,-6.99,0.82,-0.07,-0.07,0.08,-31
0,1066,588,529,127,6.71,-8.15,0.76,-0.08,0.03,0.00,-31
0,1072,578,522,129,6.81,-7.49,0.75,-0.17,0.03,-0.07,-31
0,1074,580,496,138,7.01,-7.38,0.62,-0.15,0.07,-0.06,-31
0,1059,547,496,119,6.96,-7.43,0.68,-0.05,-0.03,-0.04,-31
0,1072,555,491,123,7.19,-7.52,0.76,-0.10,0.03,-0.04,-31
0,1089,544,485,91,7.15,-7.07,0.71,0.04,-0.13,0.02,-31
0,1089,551,487,90,7.01,-7.27,0.64,0.07,-0.16,0.04,-31
0,1088,577,482,80,6.99,-7.44,0.84,0.08,-0.17,-0.00,-31
0,1079,566,491,80,6.99,-7.37,0.69,0.08,-0.18,0.00,-31
0,1083,591,498,117,6.99,-7.43,0.76,0.06,-0.19,-0.00,-31
0,1067,613,488,87,6.99,-7.37,0.65,0.11,-0.21,-0.01,-31
0,1069,603,507,112,6.91,-7.34,0.78,0.12,-0.22,0.01,-31
0,1072,606,509,98,6.66,-7.90,0.70,0.05,-0.15,0.03,-31
0,1087,592,494,109,6.84,-7.67,0.62,-0.05,-0.05,-0.05,-31
0,1064,586,499,107,6.78,-7.14,0.82,-0.03,-0.07,-0.02,-31
0,1075,624,497,102,6.79,-7.54,0.94,-0.00,-0.08,0.05,-31
0,1071,609,507,91,6.75,-7.53,0.71,-0.04,-0.03,-0.01,-31
0,1069,599,523,84,6.86,-7.59,0.77,-0.06,-0.06,-0.02,-31
0,1094,624,504,96,6.85,-7.44,0.70,-0.04,-0.07,-0.05,-31
0,1058,591,518,92,6.88,-7.30,0.66,-0.02,-0.06,-0.02,-31
0,1059,592,528,84,6.82,-7.36,0.77,-0.01,-0.07,0.02,-31
0,1076,624,501,109,6.73,-7.64,0.73,-0.04,-0.08,0.02,-31
0,1075,619,511,101,6.74,-7.69,0.71,-0.06,-0.03,0.01,-31
0,1041,599,518,113,6.70,-7.71,0.60,-0.08,-0.00,-0.00,-31
0,1072,599,498,89,6.77,-7.55,0.57,-0.11,0.00,-0.02,-31
0,1067,595,494,100,6.78,-7.57,0.59,-0.11,0.03,-0.00,-31
0,1030,583,521,87,6.81,-7.57,0.64,-0.11,0.01,0.02,-31
0,1040,589,526,113,6.61,-7.61,0.72,-0.12,0.06,0.01,-31
0,1047,598,506,108,6.43,-7.82,0.72,-0.24,0.19,0.03,-31
0,1052,590,497,115,6.81,-7.45,0.78,-0.32,0.23,-0.04,-31
0,1039,571,499,47,6.96,-7.28,0.69,-0.29,0.22,-0.06,-31
0,1045,576,530,115,7.08,-7.18,0.68,-0.24,0.15,-0.01,-31
0,1049,562,520,98,6.98,-7.35,0.59,-0.18,0.10,0.01,-31
0,1051,577,491,111,6.97,-7.40,0.64,-0.13,0.02,-0.01,-31
0,1052,570,496,95,6.85,-7.26,0.65,-0.08,0.00,0.01,-31
0,1072,567,496,99,6.86,-7.74,0.76,-0.08,0.02,0.01,-31
0,1042,576,522,107,6.96,-7.52,0.79,-0.11,-0.01,-0.05,-31
0,1065,578,507,109,6.93,-7.40,0.59,-0.10,-0.01,-0.03,-31
0,1041,566,528,107,6.82,-7.54,0.66,-0.07,0.01,-0.00,-31
0,1058,573,503,112,6.90,-7.44,0.55,-0.10,0.00,-0.00,-31
0,1046,576,511,122,6.86,-7.51,0.70,-0.10,-0.01,-0.01,-31
0,1060,577,499,98,7.01,-7.45,0.61,-0.08,0.02,-0.05,-31
0,1066,589,503,107,7.18,-7.03,0.63,-0.05,-0.06,-0.06,-31
0,1044,569,508,95,7.13,-7.33,0.51,0.07,-0.16,-0.03,-31
0,1040,581,529,115,7.14,-7.15,0.67,0.12,-0.24,-0.04,-31
0,893,599,518,106,7.14,-7.17,0.75,0.17,-0.27,-0.03,-31
0,1049,571,511,100,7.24,-7.20,0.78,0.23,-0.33,-0.02,-31
0,1033,587,525,131,7.21,-7.17,0.75,0.27,-0.40,-0.02,-31
0,1009,566,507,92,7.19,-7.17,0.78,0.32,-0.44,-0.02,-31
0,1009,578,511,114,6.84,-7.47,0.83,0.34,-0.45,0.07,-31
0,1035,573,496,107,6.63,-7.74,0.93,0.32,-0.42,0.12,-31
0,1010,592,511,111,6.17,-8.08,0.84,0.21,-0.34,0.02,-31
0,1015,586,524,87,6.49,-7.93,0.63,0.04,-0.14,-0.06,-31
0,1018,565,534,115,6.76,-7.56,0.84,-0.05,-0.02,-0.07,-31
0,1020,560,556,101,6.84,-7.57,0.76,-0.13,0.03,-0.03,-31
0,1032,561,543,112,6.78,-7.34,0.73,-0.16,0.04,-0.01,-31
0,1040,565,547,112,6.85,-7.54,0.67,-0.15,0.08,0.01,-31
0,1040,566,560,112,6.95,-7.34,0.63,-0.17,0.10,0.01,-31
0,1056,576,525,106,6.96,-7.46,0.70,-0.17,0.09,-0.00,-31
0,1054,561,529,98,6.99,-7.44,0.63,-0.16,0.07,-0.01,-31
0,1060,570,555,104,6.98,-7.39,0.58,-0.09,0.01,0.01,-31
0,1079,577,526,106,6.98,-7.39,0.68,-0.10,0.02,0.01,-31
0,1058,587,543,112,6.83,-7.64,0.73,-0.10,0.05,0.04,-31
0,1039,582,499,77,6.77,-7.67,0.53,-0.11,0.05,0.02,-31
0,1054,592,538,103,6.94,-7.58,0.78,-0.14,0.07,-0.03,-31
0,1051,594,560,122,6.91,-7.39,0.79,-0.13,0.04,-0.01,-31
0,1040,587,560,102,6.82,-7.50,0.69,-0.13,0.05,-0.02,-31
0,1040,578,538,98,6.79,-7.56,0.79,-0.12,0.04,0.01,-31
0,1075,594,534,95,6.82,-7.56,0.73,-0.16,0.07,0.01,-31
0,1040,583,551,100,6.76,-7.64,0.67,-0.16,0.08,0.01,-31
0,1039,576,560,96,6.63,-7.77,0.67,-0.24,0.19,0.02,-31
0,1068,595,546,123,6.34,-8.10,0.87,-0.45,0.44,0.02,-31
0,1086,587,534,94,6.62,-7.85,0.94,-0.64,0.59,-0.06,-31
0,1040,566,544,108,7.20,-7.17,0.88,-0.63,0.55,-0.16,-31
0,1041,563,528,89,7.54,-6.76,0.64,-0.56,0.48,-0.15,-31
0,1072,592,494,112,7.65,-6.58,0.63,-0.48,0.38,-0.09,-31
0,1082,590,506,125,7.44,-6.75,0.67,-0.30,0.21,0.08,-31
0,1088,578,503,91,7.38,-6.94,0.42,-0.25,0.16,0.09,-31
0,1081,562,499,111,7.24,-7.07,0.64,-0.21,0.13,0.08,-31
0,1074,579,503,109,7.15,-7.16,0.60,-0.12,0.07,0.01,-31
0,1083,577,480,112,7.21,-7.13,0.57,-0.06,0.03,-0.00,-31
0,1063,575,503,112,7.07,-7.25,0.48,-0.07,-0.01,-0.00,-31
0,1073,582,509,114,7.22,-7.29,0.61,-0.09,-0.00,-0.06,-31
0,1078,601,505,114,7.27,-6.83,0.61,-0.05,-0.03,-0.01,-31
0,1071,576,518,107,6.97,-7.35,0.56,-0.01,-0.06,0.05,-31
0,1097,570,477,83,6.97,-7.35,0.73,-0.11,0.01,-0.01,-31
0,1084,582,493,122,7.05,-7.41,0.66,-0.12,0.01,0.02,-31
0,1006,592,490,105,7.11,-7.56,0.61,-0.13,0.01,-0.06,-31
0,1075,576,486,108,7.02,-6.87,0.61,-0.13,0.02,-0.03,-31
0,1072,564,485,102,7.21,-7.42,0.78,-0.06,0.03,-0.00,-31
0,1062,570,500,123,6.96,-6.81,0.70,-0.13,0.01,0.02,-31
0,1083,582,496,112,7.19,-6.78,0.63,-0.11,0.02,-0.03,-31
0,1087,592,501,112,7.36,-7.63,0.19,-0.19,0.03,-0.18,-31
0,1067,560,519,99,7.37,-7.64,0.66,-0.09,-0.06,-0.02,-31
0,1059,560,528,94,7.01,-7.26,0.59,-0.11,0.04,0.02,-31
0,1062,558,511,85,7.22,-7.18,0.74,-0.08,0.02,0.00,-31
0,1055,582,502,86,7.17,-7.35,0.68,-0.10,0.02,-0.01,-31
0,1049,586,521,91,6.97,-7.40,0.60,-0.10,-0.00,0.00,-31
0,1040,569,521,93,7.06,-7.36,0.56,-0.12,0.03,-0.02,-31
0,1065,565,496,80,7.17,-7.15,0.76,-0.11,0.02,-0.02,-31
0,1067,573,496,79,7.17,-7.22,0.66,-0.10,0.02,0.01,-31
0,1047,577,528,87,7.07,-7.30,0.56,-0.09,0.02,-0.01,-31
0,1073,602,506,77,7.02,-7.23,0.59,-0.10,0.00,-0.01,-31
0,1067,576,526,67,7.07,-7.31,0.56,-0.11,0.01,0.00,-31
0,1083,578,526,71,7.09,-7.25,0.61,-0.11,0.04,-0.01,-31
0,1054,575,503,66,6.99,-7.27,0.85,-0.05,0.02,0.08,-31
0,1047,574,529,70,7.39,-8.00,0.60,-0.13,0.08,-0.08,-31
0,1056,578,522,64,6.96,-6.77,0.63,-0.10,0.11,0.09,-31
0,1063,578,526,80,7.08,-7.21,0.73,-0.20,0.18,-0.02,-31
0,1013,578,511,94,6.39,-8.04,0.29,-0.11,0.07,-0.01,-31
0,1013,570,537,78,7.61,-6.44,1.16,-0.16,0.19,-0.15,-31
0,1039,560,528,80,7.11,-7.56,0.94,0.00,-0.04,0.04,-31
0,1015,546,526,84,7.29,-6.86,1.13,-0.15,0.11,-0.02,-31
0,1011,562,529,86,7.29,-7.09,1.15,-0.10,0.04,0.02,-31
0,1040,565,525,87,7.18,-7.34,1.02,-0.09,0.01,-0.00,-31
0,1002,532,528,96,7.23,-7.20,1.11,-0.12,-0.00,-0.01,-31
0,995,531,530,83,7.21,-7.21,1.26,-0.10,0.01,0.00,-31
0,1048,542,526,71,7.20,-7.20,1.21,-0.05,-0.02,0.05,-31
0,1013,535,550,80,7.00,-7.44,1.04,-0.11,0.03,-0.01,-31
0,1023,544,542,78,7.09,-7.18,1.07,-0.12,0.04,-0.03,-31
0,1008,498,549,83,7.16,-7.14,1.02,-0.11,0.01,-0.01,-31
0,1011,528,551,100,7.00,-7.01,1.21,-0.10,0.01,0.02,-31
0,1041,499,535,86,7.01,-6.57,0.94,-0.11,0.03,-0.03,-31
0,1042,497,542,96,7.11,-7.16,0.98,-0.10,-0.04,0.03,-31
0,1050,553,533,110,7.10,-7.31,1.09,-0.08,0.01,0.01,-31
0,1046,500,529,103,7.16,-7.26,1.20,-0.12,0.00,0.02,-31
0,1040,496,558,98,7.04,-7.20,1.01,-0.08,-0.00,0.01,-31
0,1021,496,549,114,7.11,-7.41,1.03,-0.11,0.01,-0.01,-31
0,1040,508,540,112,7.18,-7.22,1.09,-0.12,0.02,-0.00,-31
0,1039,487,542,98,7.18,-7.31,1.06,-0.11,0.01,-0.00,-31
0,1038,510,543,99,7.03,-7.26,1.05,-0.10,0.01,-0.01,-31
0,1019,470,551,109,7.09,-7.27,1.14,-0.10,0.01,0.02,-31
0,1014,489,544,139,7.08,-7.58,0.86,-0.10,-0.00,-0.04,-31
0,1045,508,560,111,7.52,-6.75,1.16,-0.00,-0.08,-0.05,-31
0,1031,496,562,121,6.99,-7.17,0.85,0.08,-0.16,0.03,-31
0,1051,503,558,128,7.17,-7.51,1.17,-0.09,0.06,-0.02,-31
0,1047,505,550,115,7.14,-7.01,1.24,-0.14,0.02,-0.09,-31
0,1023,506,560,114,7.24,-7.38,1.07,-0.06,0.02,0.05,-31
0,1014,506,555,103,7.14,-6.95,1.11,-0.14,-0.03,-0.07,-31
0,1039,503,544,100,7.41,-7.23,1.02,-0.08,0.02,0.07,-31
0,1060,522,530,104,7.22,-7.00,0.89,-0.12,-0.04,-0.05,-31
0,1040,524,546,113,6.98,-7.13,1.06,-0.07,0.03,0.11,-31
0,1040,507,546,99,7.16,-7.49,1.26,-0.11,-0.03,-0.01,-31
0,1045,528,546,107,7.13,-7.26,0.90,-0.10,0.03,0.00,-31
0,1069,533,527,90,7.25,-7.12,1.13,-0.11,0.01,-0.03,-31
0,1053,528,549,114,7.18,-7.23,1.01,-0.10,0.00,-0.04,-31
0,1078,534,535,96,7.16,-7.36,1.01,-0.11,0.01,-0.04,-31
0,1088,545,544,110,7.13,-7.30,1.17,-0.12,-0.00,-0.02,-31
0,1062,550,573,112,7.13,-7.00,0.93,-0.11,0.03,-0.02,-31
0,944,528,560,90,7.21,-7.15,1.17,-0.07,0.04,0.02,-31
0,1050,534,560,98,7.26,-7.36,1.10,-0.13,0.03,-0.08,-31
0,1057,549,544,102,7.27,-7.12,1.13,-0.13,-0.02,-0.04,-31
0,1061,522,553,78,7.31,-7.14,1.11,-0.13,0.01,-0.00,-31
0,1053,560,559,101,7.21,-7.03,1.05,-0.10,0.04,-0.03,-31
0,1038,574,565,67,7.24,-7.09,0.99,-0.10,0.04,-0.04,-31
0,1061,576,542,65,7.51,-7.00,1.08,-0.12,0.04,-0.04,-31
0,1041,558,565,81,7.50,-6.96,1.24,-0.12,-0.02,-0.01,-31
0,1072,560,559,93,7.36,-6.97,1.10,-0.10,0.02,0.00,-31
0,1089,543,543,64,7.40,-7.01,1.13,-0.11,0.01,0.00,-31
0,1072,545,534,64,7.42,-6.99,1.17,-0.09,-0.01,0.00,-31
0,1063,536,557,73,7.19,-6.95,0.66,-0.19,0.10,-0.18,-31
0,1035,518,541,96,7.57,-6.80,1.30,-0.17,0.07,-0.07,-31
0,1011,465,569,77,7.61,-6.67,1.29,-0.14,0.10,-0.08,-31
0,1005,493,574,63,7.76,-7.10,1.92,-0.14,0.16,-0.17,-31
0,1040,495,579,59,7.51,-5.45,0.02,-0.05,-0.12,-0.10,-31
0,1072,554,594,51,7.43,-5.24,0.29,-0.18,-0.07,0.03,-31
0,1063,555,596,83,8.32,-8.19,2.23,-0.11,0.06,-0.01,-31
0,1081,555,589,59,7.59,-5.67,0.34,-0.14,0.08,0.08,-31
0,1095,535,599,61,7.79,-6.77,1.31,-0.03,0.03,0.08,-31
0,1059,530,658,80,7.64,-6.84,1.37,-0.08,0.02,0.04,-31
0,1060,532,746,115,7.59,-6.61,1.16,-0.12,0.02,-0.01,-31
0,1042,465,737,122,7.68,-6.75,1.24,-0.14,0.04,-0.02,-31
0,1037,449,902,144,7.85,-6.61,1.03,-0.09,0.03,0.03,-31
0,1029,433,686,305,7.64,-6.98,1.16,-0.07,0.01,0.03,-31
0,1008,441,722,390,7.44,-6.88,1.27,-0.14,0.02,-0.00,-31
0,1040,480,698,304,7.59,-6.66,1.30,-0.13,-0.01,0.01,-31
0,1011,493,666,348,7.61,-6.74,1.21,-0.10,-0.01,0.01,-31
0,1040,482,649,328,7.62,-6.89,1.19,-0.10,0.00,0.00,-31
0,1011,473,655,322,7.66,-6.59,1.02,-0.11,0.04,-0.02,-31
0,1040,475,624,299,7.80,-6.89,1.23,-0.12,-0.00,-0.00,-31
0,1040,449,645,275,7.57,-6.97,1.11,-0.11,0.01,-0.00,-31
0,1036,470,640,241,7.57,-6.79,1.21,-0.10,0.03,-0.03,-31
0,1023,486,560,106,7.58,-6.79,1.09,-0.10,-0.00,0.02,-31
0,1041,536,570,143,7.60,-6.84,1.11,-0.10,-0.02,0.02,-31
0,1039,528,579,155,7.56,-7.12,1.37,-0.09,0.02,-0.01,-31
0,1067,534,582,170,7.81,-7.59,1.66,-0.15,-0.07,-0.09,-31
0,1035,546,608,162,7.46,-6.10,0.93,-0.14,-0.05,-0.08,-31
0,1043,539,611,174,7.32,-6.06,0.62,-0.11,0.04,0.10,-31
0,1040,557,629,192,7.67,-6.74,1.16,-0.06,0.09,0.06,-31
0,1029,541,629,197,7.69,-6.95,1.41,-0.15,-0.01,-0.06,-31
0,1008,529,604,204,7.50,-6.58,1.23,-0.07,0.08,0.03,-31
0,1049,527,627,201,7.47,-5.72,0.18,-0.21,-0.10,-0.04,-31
0,1045,538,637,174,7.61,-6.47,0.74,-0.11,-0.08,-0.02,-31
0,1057,543,625,199,7.60,-6.61,1.30,-0.13,0.01,-0.01,-31
0,1030,539,628,222,7.54,-6.70,1.00,-0.07,0.03,0.03,-31
0,1040,533,637,194,7.64,-6.86,1.19,-0.10,0.01,0.01,-31
0,1047,550,619,131,7.47,-6.74,1.06,-0.12,0.02,-0.04,-31
0,1071,521,598,140,7.70,-6.76,1.06,-0.10,0.01,0.01,-31
0,1019,502,606,151,7.61,-6.73,1.07,-0.06,0.02,0.01,-31
0,1040,511,596,154,7.58,-6.81,1.12,-0.12,0.01,-0.01,-31
0,1049,528,591,134,7.60,-6.81,1.15,-0.08,0.01,-0.01,-31
0,1038,508,585,154,7.57,-6.81,1.14,-0.08,-0.00,0.01,-31
0,1034,479,597,144,7.50,-6.76,1.07,-0.10,0.04,0.00,-31
0,1013,478,591,106,7.54,-6.61,1.11,-0.08,0.00,0.00,-31
0,1039,486,576,110,7.75,-7.00,1.05,-0.06,0.01,0.02,-31
0,1035,496,572,67,7.74,-6.80,0.86,-0.07,0.05,-0.04,-31
0,1012,477,576,92,7.20,-6.22,1.34,-0.09,0.07,0.10,-31
0,1033,485,589,80,7.78,-7.10,1.91,-0.02,-0.25,-0.05,-31
0,1046,495,577,120,7.30,-6.28,0.51,0.09,-0.09,0.08,-31
0,1040,459,575,100,7.48,-7.26,1.56,0.04,-0.06,-0.01,-31
0,1039,469,582,113,7.33,-6.82,1.31,-0.01,-0.18,-0.09,-31
0,1078,434,570,122,7.41,-6.38,1.13,0.11,-0.19,0.01,-31
0,1045,471,576,131,7.35,-6.92,1.22,0.11,-0.14,0.11,-31
0,1070,474,587,121,7.26,-7.33,1.26,0.02,-0.12,0.05,-31
0,1073,503,579,142,7.28,-6.99,1.00,-0.05,-0.02,-0.01,-31
0,1042,490,577,123,7.28,-7.07,1.15,-0.11,0.02,0.00,-31
0,1065,494,570,112,7.39,-6.88,1.39,-0.13,0.03,-0.02,-31
0,1079,511,561,100,7.46,-6.95,1.09,-0.10,0.03,-0.01,-31
0,1066,517,592,144,7.43,-6.97,1.09,-0.15,0.05,-0.02,-31
0,1078,528,578,143,7.43,-6.87,1.09,-0.15,0.07,0.00,-31
0,1072,523,570,110,7.50,-6.85,1.17,-0.14,0.03,0.00,-31
0,1051,534,579,122,7.40,-6.92,1.07,-0.14,0.02,0.03,-31
0,1071,528,612,125,7.49,-6.88,1.09,-0.12,0.06,-0.02,-31
0,1053,522,613,115,7.51,-6.92,1.15,-0.08,0.00,0.02,-31
0,1066,529,609,140,7.37,-7.08,1.22,-0.09,0.02,0.03,-31
0,1069,497,583,112,7.38,-7.01,1.15,-0.11,0.01,0.00,-31
0,1073,498,585,22,7.34,-6.93,0.98,-0.06,0.00,0.02,-31
0,1043,430,547,62,7.33,-7.17,1.30,-0.13,0.01,-0.03,-31
0,1042,433,538,74,7.41,-7.15,1.14,-0.10,0.02,-0.02,-31
0,868,336,556,71,7.42,-6.93,1.24,-0.09,-0.01,0.01,-31
0,1043,460,573,86,7.26,-7.04,1.20,-0.09,0.01,0.03,-31
0,1053,472,559,86,7.25,-7.15,1.32,-0.11,-0.00,-0.03,-31
0,1041,437,560,80,7.30,-6.98,1.05,-0.13,0.03,-0.00,-31
0,1058,453,542,68,7.23,-7.06,1.22,-0.09,0.02,-0.01,-31
0,1040,444,542,69,7.30,-7.19,1.21,-0.11,0.03,-0.03,-31
0,1064,461,531,80,7.30,-6.72,1.24,-0.11,0.02,-0.01,-31
0,1053,464,543,84,7.34,-7.04,1.25,-0.08,-0.01,0.03,-31
0,1037,461,566,76,7.26,-7.33,1.05,-0.07,-0.01,-0.03,-31
0,1056,472,557,35,7.29,-7.05,1.24,-0.11,0.04,0.00,-31
0,1051,455,562,45,7.24,-7.05,1.25,-0.13,-0.01,0.01,-31
0,1058,479,563,49,7.41,-7.03,1.11,-0.12,0.00,-0.04,-31
0,1042,466,585,65,7.32,-6.80,1.14,-0.07,0.02,0.02,-31
0,1043,490,561,57,7.29,-7.21,1.32,-0.08,0.00,0.01,-31
0,1008,463,580,75,7.28,-7.02,1.38,-0.11,0.00,0.01,-31
0,1033,480,561,61,7.30,-7.27,1.14,-0.09,-0.00,0.01,-31
0,1011,463,563,48,7.24,-6.95,1.08,-0.13,0.03,-0.04,-31
0,1019,462,559,64,7.39,-7.23,1.24,-0.05,-0.00,0.00,-31
0,1020,467,563,73,7.18,-7.14,1.03,-0.07,0.03,-0.06,-31
0,1010,467,562,70,7.23,-7.00,1.16,-0.11,0.06,-0.03,-31
0,1035,485,569,79,7.31,-7.07,1.26,-0.12,0.03,-0.02,-31
0,1023,473,565,82,7.42,-7.02,1.16,-0.12,0.04,-0.03,-31
0,1038,458,554,75,7.39,-6.85,1.07,-0.14,-0.01,-0.04,-31
0,1013,471,576,95,7.33,-6.57,1.30,-0.08,-0.05,0.12,-31
0,1041,477,581,98,7.09,-7.67,0.69,-0.12,-0.06,0.03,-31
0,1047,475,562,112,7.15,-7.27,0.86,-0.20,0.13,-0.08,-31
0,1045,463,543,82,6.87,-7.53,1.11,-0.14,0.07,0.06,-31
0,1047,489,560,102,6.56,-7.55,1.00,-0.23,0.17,0.11,-31
0,1008,478,555,47,7.13,-6.56,0.46,-0.94,-0.12,-0.62,-31
0,1040,479,526,61,7.11,-4.48,-1.35,-0.69,0.60,0.05,-31
0,1066,481,509,80,8.21,-8.41,2.60,-0.11,0.44,0.04,-31
0,1045,480,529,80,7.51,-6.10,0.43,-0.40,0.08,-0.08,-31
0,1057,499,531,82,7.57,-6.75,0.27,-0.24,0.27,0.07,-31
0,1022,481,544,80,7.65,-7.01,0.80,-0.27,0.18,0.02,-31
0,1040,482,537,89,7.61,-6.90,0.98,-0.17,0.06,0.01,-31
0,1029,526,565,93,7.49,-6.80,0.77,-0.10,0.03,0.00,-31
0,1023,495,559,99,7.51,-7.45,1.27,-0.06,-0.02,-0.05,-31
0,1068,489,538,107,7.75,-7.39,1.28,-0.06,0.12,0.01,-31
0,1056,502,549,122,7.54,-7.01,0.73,-0.04,0.03,0.00,-31
0,1040,497,557,144,7.49,-6.68,0.79,-0.09,0.03,0.00,-31
0,1058,496,541,138,7.60,-6.82,0.71,-0.07,-0.00,0.02,-31
0,1053,496,535,131,7.53,-6.85,0.83,-0.12,0.01,-0.00,-31
0,1023,485,546,128,7.41,-6.71,0.57,-0.09,0.09,0.05,-31
0,883,403,451,131,7.51,-7.16,1.07,-0.08,-0.01,-0.04,-31
0,1063,501,540,126,7.61,-6.82,0.46,-0.08,0.03,-0.03,-31
0,1036,490,547,127,7.71,-6.62,1.00,-0.04,0.05,-0.17,-31
0,1050,522,542,144,8.04,-6.11,0.86,0.08,-0.13,-0.08,-31
0,1012,494,560,138,8.01,-6.25,0.88,0.18,-0.20,-0.03,-31
0,1011,495,551,134,7.96,-6.34,1.09,0.27,-0.31,-0.01,-31
0,1040,499,543,134,8.02,-6.30,1.19,0.33,-0.46,0.06,-31
0,1008,498,574,144,7.67,-6.70,0.67,0.40,-0.42,-0.00,-31
0,1055,495,560,132,7.65,-6.57,1.54,0.37,-0.56,0.11,-31
0,1039,489,562,120,7.07,-7.53,0.81,0.26,-0.31,0.05,-31
0,1069,497,567,122,7.11,-7.54,0.95,0.14,-0.24,-0.02,-31
0,1071,497,570,144,7.01,-7.41,0.69,0.01,-0.14,-0.05,-31
0,1047,491,583,129,7.18,-7.41,0.55,-0.08,-0.02,-0.09,-31
0,1061,519,579,151,7.26,-7.09,0.68,-0.20,0.15,-0.17,-31
0,1068,502,592,142,7.75,-6.52,0.97,-0.19,0.12,-0.14,-31
0,999,496,587,163,7.62,-6.27,0.79,-0.05,-0.09,0.06,-31
0,1062,496,579,167,7.78,-6.95,0.73,-0.08,-0.07,0.02,-31
0,1086,505,560,159,7.93,-6.45,0.79,-0.04,-0.01,-0.06,-31
0,1056,478,560,158,7.86,-6.54,0.53,-0.33,0.04,-0.12,-31
0,1071,495,549,163,7.90,-6.41,0.49,-0.38,0.12,-0.19,-31
0,1062,482,572,162,7.91,-6.22,0.61,-0.12,0.13,-0.21,-31
0,1008,469,559,52,7.81,-6.69,1.02,0.01,-0.09,0.03,-31
0,1011,464,576,64,7.68,-6.67,0.39,-0.15,-0.00,0.01,-31
0,1031,471,578,93,7.76,-6.45,0.40,-0.22,0.09,0.01,-31
0,1031,493,576,98,7.83,-6.37,0.63,-0.29,0.16,0.06,-31
0,1009,473,592,85,7.60,-6.79,0.56,-0.36,0.19,0.08,-31
0,1021,493,578,96,7.51,-6.89,0.38,-0.44,0.25,0.08,-31
0,1031,480,553,80,7.52,-6.55,0.30,-0.60,0.38,0.04,-31
0,1011,483,569,89,7.60,-6.89,0.71,-0.82,0.62,0.03,-31
0,1020,503,562,79,7.78,-6.95,1.01,-0.87,0.60,-0.01,-31
0,1019,494,555,73,7.93,-6.12,0.57,-0.83,0.64,-0.06,-31
0,1029,497,545,70,8.23,-5.08,0.41,-0.69,0.65,0.05,-31
0,1019,493,537,70,8.54,-5.50,1.04,-0.57,0.25,-0.18,-31
0,1010,501,543,82,8.27,-6.45,0.80,-0.42,0.15,-0.00,-31
0,1030,518,530,89,8.25,-6.07,0.66,-0.28,0.20,0.13,-31
0,1036,523,537,83,8.15,-6.30,0.62,-0.25,0.05,0.04,-31
0,934,497,544,103,8.11,-6.55,0.49,-0.17,0.09,0.05,-31
0,1041,503,519,64,7.96,-6.00,0.38,-0.12,0.06,0.03,-31
0,1018,521,528,96,7.95,-6.44,0.65,-0.07,0.02,0.00,-31
0,1012,501,538,79,7.71,-6.68,0.24,-0.05,0.03,0.00,-31
0,1023,521,542,91,7.82,-5.90,0.63,-0.09,0.13,-0.07,-31
0,1043,535,541,82,7.67,-7.22,1.16,-0.05,-0.12,0.16,-31
0,1038,499,555,109,7.53,-5.06,-0.04,-0.07,0.28,0.02,-31
0,1015,519,563,77,8.20,-7.73,2.24,-0.04,-0.05,-0.17,-31
0,1072,541,554,87,7.71,-4.62,-0.24,-0.19,-0.07,0.05,-31
0,1038,527,555,86,8.09,-8.29,2.09,0.08,-0.07,0.11,-31
0,1038,502,560,80,7.56,-5.72,-0.29,-0.12,-0.17,-0.06,-31
0,1033,491,537,64,8.14,-7.90,1.60,0.14,0.07,0.03,-31
0,1050,497,557,69,7.68,-6.51,0.75,-0.04,0.13,0.14,-31
0,1054,503,543,78,7.77,-7.11,1.04,0.08,0.13,0.08,-31
0,1047,528,563,89,7.85,-6.06,0.95,-0.05,-0.07,0.10,-31
0,1034,495,579,88,7.29,-6.51,0.77,-0.13,0.10,0.40,-31
0,1054,506,564,63,6.30,-8.33,0.68,-0.29,0.23,0.54,-31
0,1038,486,543,54,6.00,-7.34,0.20,-0.47,0.60,0.62,-31
0,1050,505,510,59,6.48,-8.72,1.42,-0.37,0.63,0.51,-31
0,1023,494,533,71,6.48,-8.48,0.84,-0.57,0.41,0.08,-31
0,988,462,486,83,5.10,-8.02,0.03,-0.47,0.35,-0.15,-31
0,985,471,499,93,5.32,-8.53,0.36,-0.44,0.39,0.01,-31
